data,serie_13672,serie_13684,serie_1619,serie_188,serie_189,serie_20570,serie_20574,serie_20576,serie_20577,serie_20578,serie_20579,serie_20580,serie_20581,serie_20584,serie_20588,serie_20590,serie_20662,serie_20668,serie_20669,serie_20670,serie_20671,serie_20672,serie_20673,serie_20676,serie_20679,serie_20680,serie_20682,serie_20740,serie_20744,serie_20745,serie_20746,serie_20747,serie_20748,serie_20749,serie_20752,serie_20878,serie_20881,serie_20882,serie_20883,serie_20884,serie_20885,serie_20886,serie_20889,serie_20892,serie_20954,serie_20958,serie_20959,serie_20960,serie_20961,serie_20962,serie_20963,serie_20966,serie_20970,serie_20971,serie_21033,serie_21037,serie_21038,serie_21039,serie_21040,serie_21041,serie_21042,serie_21045,serie_21049,serie_21050,serie_21112,serie_21116,serie_21117,serie_21118,serie_21119,serie_21120,serie_21121,serie_21124,serie_21128,serie_21129,serie_21130,serie_22023,serie_22024,serie_23061,serie_23063,serie_23070,serie_24369,serie_24370,serie_24379,serie_24380,serie_24381,serie_24382,serie_25462,serie_25466,serie_25467,serie_25468,serie_25469,serie_25470,serie_25471,serie_25474,serie_25477,serie_25478,serie_25479,serie_27574,serie_27791,serie_27810,serie_27813,serie_27815,serie_28635,serie_28636,serie_28637,serie_433,serie_4393
2014-01-01,6.6,6.4,724.0,0.63,0.48,746459.0,98842.0,20009.0,137512.0,65121.0,222642.0,321484.0,193010.0,7190.0,10872.0,144346.0,108337.0,1140.0,7352.0,3579.0,12072.0,19085.0,8408.0,65.0,17427.0,2441.0,69768.0,44.16,32.1,22.78,27.49,24.93,43.04,22.74,12.2,47.44,41.33,66.27,57.7,61.7,55.42,42.1,45.47,8.47,18.36,16.55,26.08,21.84,24.06,23.31,15.86,10.22,5.33,2.43,5.51,4.09,5.34,1.48,4.1,4.44,7.74,14.61,4.01,3.21,5.66,4.84,2.6,1.95,2.61,3.91,5.15,11.58,0.5,6.3,1.63,106.45,60.52,118.9,102.3,96.4,6.5,157744.0,91870.0,6363.0,3128.0,2889.0,3.09,2.35,1.72,2.04,1.87,3.03,1.72,0.96,11.82,6.23,4.02,135.37,323274695.0,1971127279.0,3956852345.0,4302958043.0,,,,0.55,131.74
2014-02-01,6.4,6.3,724.0,0.64,0.38,744219.0,99467.0,20163.0,139147.0,66750.0,226061.0,325528.0,191847.0,6682.0,11105.0,140127.0,106237.0,1157.0,8797.0,5548.0,15503.0,22109.0,7228.0,50.0,18442.0,2562.0,67149.0,46.48,32.16,22.93,27.8,25.13,44.2,23.85,14.83,47.28,41.5,67.73,58.27,62.78,55.43,41.8,44.07,8.37,18.38,16.52,26.21,22.24,24.25,23.43,15.81,10.29,4.99,2.19,5.4,4.12,4.64,2.33,3.91,4.3,7.51,13.94,3.32,3.23,5.56,4.81,2.56,1.94,2.58,3.82,5.07,11.87,0.44,6.35,1.59,105.83,67.24,171.0,196.0,92.3,6.8,157925.0,91699.0,6717.0,3143.0,2916.0,3.23,2.35,1.74,2.07,1.89,3.1,1.8,1.16,12.08,6.2,4.38,140.49,326389329.0,1989751973.0,3973241537.0,4308697091.0,,,,0.69,136.39
2014-03-01,6.4,6.2,724.0,0.82,1.67,746882.0,100293.0,20377.0,140517.0,67162.0,228055.0,328348.0,189958.0,6136.0,11274.0,142056.0,105385.0,1079.0,7494.0,3603.0,12175.0,18778.0,6654.0,40.0,18515.0,2440.0,69378.0,46.75,32.25,23.26,27.77,25.33,43.95,23.54,18.16,47.09,41.47,67.23,57.73,62.32,55.01,41.53,45.53,8.5,18.32,16.52,26.22,22.23,24.26,23.4,15.66,10.29,5.04,2.26,5.89,4.39,4.87,1.52,3.84,4.47,8.45,15.59,4.65,3.9,5.58,4.94,2.58,1.96,2.61,3.88,5.04,11.28,0.38,6.31,1.61,104.77,67.37,216.2,452.5,94.8,7.2,158107.0,91456.0,7141.0,3033.0,2952.0,3.25,2.36,1.76,2.06,1.9,3.08,1.78,1.4,12.02,6.15,4.39,140.66,321036411.0,2004771520.0,3987162587.0,4323341813.0,,,,0.92,125.78
2014-04-01,6.4,6.2,724.0,0.78,0.78,748776.0,101343.0,20576.0,142165.0,67739.0,230480.0,331822.0,188988.0,5706.0,11653.0,141780.0,108376.0,1170.0,8141.0,3649.0,12960.0,19941.0,7589.0,68.0,17756.0,2729.0,69682.0,46.67,32.35,23.25,27.76,25.32,45.29,22.62,15.84,46.94,41.47,67.3,57.73,62.37,55.13,41.23,44.07,8.63,18.31,16.45,26.35,22.33,24.37,23.43,15.59,10.35,5.14,2.3,5.97,4.25,5.38,1.44,4.12,4.62,8.37,15.55,4.74,4.07,5.61,5.05,2.56,1.9,2.59,3.9,4.96,11.25,0.36,6.5,1.74,104.71,65.2,268.6,531.6,102.8,7.2,158281.0,91698.0,7134.0,3028.0,2950.0,3.24,2.36,1.76,2.06,1.9,3.16,1.71,1.23,11.7,6.15,4.27,136.79,320332877.0,2018409621.0,4024128054.0,4353875595.0,,,,0.67,120.25
2014-05-01,6.5,6.2,724.0,0.6,-0.13,753346.0,102305.0,20796.0,144084.0,68514.0,233394.0,335699.0,188064.0,5295.0,11868.0,144053.0,111963.0,1215.0,8640.0,3591.0,13447.0,20526.0,7694.0,59.0,17690.0,2557.0,71689.0,47.13,32.48,23.6,27.86,25.58,45.0,22.99,15.42,47.49,42.33,68.2,57.5,62.94,55.8,41.27,44.3,8.67,18.4,16.42,26.44,22.42,24.45,23.47,15.53,10.41,5.21,2.4,5.66,3.96,4.84,1.8,3.87,4.37,8.14,15.23,3.55,3.6,5.75,5.22,2.65,1.88,2.65,4.02,4.99,11.51,0.35,6.67,1.77,105.92,65.24,150.1,185.2,104.3,7.1,158462.0,91892.0,6972.0,3008.0,2946.0,3.27,2.37,1.78,2.07,1.92,3.14,1.74,1.2,11.77,6.2,4.27,134.28,314796451.0,2037576287.0,4071238100.0,4391423444.0,,,,0.46,109.48
2014-06-01,6.4,6.1,724.0,0.26,-0.74,755254.0,102607.0,20838.0,145983.0,69518.0,236340.0,338947.0,186544.0,4906.0,11944.0,144703.0,108390.0,1092.0,8613.0,3639.0,13344.0,19994.0,6853.0,53.0,17576.0,2458.0,69490.0,47.92,32.62,23.64,27.89,25.62,45.67,23.02,14.47,47.52,42.5,67.4,57.8,62.55,55.75,41.4,47.0,8.5,18.36,16.31,26.63,22.31,24.54,23.51,15.39,10.44,4.98,2.25,5.72,4.3,4.97,1.41,3.86,4.42,8.13,15.37,4.42,3.77,5.62,4.87,2.46,1.87,2.5,3.85,4.89,11.36,0.34,6.66,1.73,106.09,67.13,322.2,96.8,114.8,6.9,158641.0,92118.0,6861.0,2995.0,2930.0,3.32,2.38,1.78,2.07,1.92,3.18,1.74,1.13,11.92,6.21,4.37,133.55,317270689.0,2061091340.0,4101325335.0,4428178547.0,51.0,2.0,91102.45,0.4,107.37
2014-07-01,6.5,6.2,724.0,0.13,-0.61,756577.0,102505.0,20992.0,147793.0,70358.0,239144.0,341649.0,185283.0,4516.0,12087.0,145535.0,114847.0,1173.0,7604.0,4091.0,12868.0,19774.0,7887.0,47.0,16827.0,2583.0,73983.0,48.02,32.82,24.09,27.92,25.92,45.93,23.14,15.03,47.52,41.93,66.73,57.57,62.04,55.44,41.57,44.3,8.63,18.48,16.2,26.71,22.35,24.59,23.57,15.36,10.55,4.96,2.34,5.35,3.89,4.28,1.27,3.36,4.01,7.68,14.77,4.38,3.56,5.71,5.01,2.48,1.88,2.53,3.94,4.77,11.14,0.33,6.95,1.71,105.56,66.34,66.1,158.5,114.7,7.0,158822.0,92056.0,6914.0,3013.0,2923.0,3.32,2.39,1.81,2.07,1.94,3.2,1.75,1.17,11.91,6.19,4.33,131.3,313720506.0,2068935938.0,4169700240.0,4489161835.0,26.0,3.0,96033.08,0.01,109.55
2014-08-01,6.5,6.3,724.0,0.18,-0.27,758986.0,103137.0,21250.0,149491.0,70692.0,241433.0,344569.0,184583.0,4185.0,12231.0,145928.0,109546.0,1121.0,6703.0,3586.0,11410.0,18250.0,7664.0,47.0,16694.0,2499.0,71790.0,48.4,33.06,24.06,27.89,25.91,45.52,23.23,16.28,47.36,41.5,65.03,57.43,60.92,55.1,41.6,45.07,8.63,18.45,16.12,26.66,22.39,24.57,23.54,15.25,10.63,4.89,2.32,5.11,3.64,3.98,1.26,3.15,3.79,7.41,14.07,4.21,3.45,5.7,5.01,2.54,1.86,2.56,3.97,4.61,10.73,0.32,6.97,1.68,106.68,68.44,58.3,72.8,126.5,7.0,158997.0,92056.0,6910.0,3018.0,2943.0,3.34,2.41,1.81,2.07,1.94,3.18,1.76,1.26,12.09,6.24,4.44,129.87,317892917.0,2087372837.0,4271481439.0,4570292750.0,17.0,1.0,21649.96,0.25,110.54
2014-09-01,6.6,6.2,724.0,0.49,0.2,763225.0,103607.0,21379.0,150410.0,71064.0,242853.0,346460.0,183920.0,3857.0,12125.0,148012.0,116369.0,1158.0,6892.0,3701.0,11751.0,19094.0,8502.0,51.0,15767.0,2430.0,73421.0,47.47,33.3,24.16,27.81,25.96,44.49,22.78,16.96,47.4,41.8,64.63,57.7,60.77,55.12,41.6,44.77,8.5,18.46,16.12,26.64,22.4,24.56,23.52,15.25,10.75,4.95,2.33,5.08,3.68,4.36,1.23,3.38,4.0,7.18,14.1,4.02,3.28,5.68,5.02,2.55,1.86,2.57,3.94,4.42,10.33,0.32,7.23,1.71,107.57,65.63,86.5,85.8,129.1,6.9,159168.0,92407.0,6812.0,3032.0,2952.0,3.29,2.42,1.82,2.07,1.94,3.11,1.72,1.31,11.88,6.27,4.29,132.39,325937821.0,2110060143.0,4306043943.0,4641249955.0,25.0,5.0,136835.38,0.57,118.92
2014-10-01,6.6,6.2,724.0,0.38,0.28,769177.0,103980.0,21536.0,152370.0,72599.0,246504.0,350484.0,183603.0,3567.0,11869.0,150575.0,124091.0,1114.0,10145.0,6001.0,17259.0,24718.0,8654.0,57.0,16357.0,2360.0,75637.0,49.11,34.1,23.39,27.94,25.58,46.08,23.04,17.75,51.78,41.63,77.3,68.1,71.76,62.64,41.73,43.03,8.37,18.95,16.0,27.76,23.71,25.65,24.33,15.24,10.92,4.69,2.19,5.02,3.49,4.1,1.21,3.2,3.85,7.13,13.84,4.5,3.42,5.62,4.91,2.44,1.82,2.47,3.9,4.24,10.05,0.34,7.21,1.66,106.85,68.54,278.1,298.4,138.8,6.7,159339.0,92692.0,6663.0,3012.0,2965.0,3.39,2.48,1.77,2.07,1.92,3.21,1.74,1.37,12.26,6.24,4.45,139.28,324782470.0,2121339527.0,4349931096.0,4677624437.0,68.0,8.0,281277.55,0.42,115.82
2014-11-01,6.5,6.1,724.0,0.53,0.98,769950.0,103765.0,21613.0,152958.0,73690.0,248261.0,352026.0,183566.0,3336.0,11787.0,150552.0,112390.0,967.0,7755.0,5363.0,14085.0,20558.0,8138.0,59.0,16119.0,2324.0,70639.0,49.71,33.61,23.8,27.93,25.8,46.01,22.67,17.32,51.73,43.53,74.87,69.03,70.69,62.3,41.83,44.07,8.57,19.13,15.91,28.07,24.34,26.02,24.62,15.23,11.23,4.77,2.17,5.07,3.65,4.32,1.18,3.33,3.93,7.02,13.08,4.28,3.56,5.46,4.81,2.36,1.8,2.41,3.83,4.06,9.6,0.33,6.92,1.66,106.99,71.49,286.7,148.6,140.9,6.6,159508.0,92878.0,6556.0,3036.0,2945.0,3.42,2.44,1.8,2.07,1.93,3.2,1.72,1.34,12.54,6.25,4.6,144.97,338309402.0,2146852154.0,4390074190.0,4718034618.0,36.0,5.0,101432.97,0.51,115.99
2014-12-01,6.7,6.3,724.0,0.62,0.62,781167.0,102718.0,21424.0,154353.0,74756.0,250533.0,353251.0,184145.0,3101.0,11771.0,161405.0,130105.0,847.0,6740.0,4472.0,12058.0,19273.0,10125.0,75.0,15961.0,2543.0,86067.0,48.47,34.03,23.99,28.05,25.98,45.41,22.34,15.6,51.89,45.03,74.1,68.4,70.15,62.54,41.93,44.63,8.73,19.43,15.84,28.31,24.74,26.3,25.0,15.25,11.42,4.94,2.32,4.86,3.66,4.52,1.23,3.46,3.98,6.74,12.89,3.82,3.1,5.32,4.74,2.29,1.8,2.35,3.82,3.91,9.46,0.34,6.59,1.76,104.11,66.32,142.6,198.9,154.7,6.6,159679.0,92962.0,6555.0,3152.0,2947.0,3.35,2.47,1.81,2.08,1.94,3.17,1.69,1.22,12.72,6.13,4.33,144.54,363361535.0,2186471965.0,4438289475.0,4774925265.0,21.0,7.0,249550.58,0.78,112.95
2015-01-01,6.7,6.3,788.0,1.48,0.76,785865.0,103670.0,21430.0,155109.0,75960.0,252499.0,356169.0,183828.0,2928.0,11914.0,161217.0,113017.0,983.0,6398.0,4221.0,11603.0,18674.0,7797.0,44.0,17388.0,2583.0,75654.0,50.99,36.02,24.49,28.32,26.52,47.1,23.84,14.84,51.02,41.73,72.63,67.6,68.76,60.79,42.07,44.97,8.93,19.23,15.83,27.83,25.12,26.12,24.83,15.11,11.62,5.03,2.31,5.22,3.95,4.92,1.33,3.76,4.33,7.01,12.67,4.06,3.38,5.33,4.8,2.3,1.77,2.35,3.89,3.94,8.94,0.32,6.69,1.73,106.34,69.43,113.9,118.1,153.2,6.9,159848.0,92743.0,6873.0,3151.0,2951.0,3.49,2.6,1.84,2.1,1.98,3.27,1.8,1.16,12.85,6.22,4.49,137.64,333454078.0,2164354124.0,4446980401.0,4777616433.0,8.0,0.0,0.0,1.24,112.69
2015-02-01,6.8,6.3,788.0,1.16,0.27,783316.0,104370.0,21638.0,155859.0,77725.0,255222.0,359592.0,181853.0,2721.0,12087.0,155798.0,101022.0,864.0,6092.0,4347.0,11302.0,17584.0,5961.0,45.0,17111.0,2587.0,67402.0,53.11,37.26,24.79,28.56,26.89,47.47,24.76,15.68,50.08,40.27,73.6,67.73,69.28,59.54,41.8,42.8,8.8,19.17,15.6,28.02,25.56,26.35,24.94,14.92,11.74,4.42,1.95,5.45,4.29,4.76,1.36,3.68,4.45,7.12,12.43,3.89,3.66,5.34,5.25,2.32,1.78,2.4,3.88,3.89,9.02,0.33,6.96,1.73,112.07,76.71,97.5,112.0,142.0,7.5,160018.0,92308.0,7510.0,3128.0,2945.0,3.61,2.67,1.86,2.12,2.0,3.29,1.86,1.22,13.01,6.46,4.86,143.96,330708611.0,2168510301.0,4446708674.0,4793695676.0,7.0,1.0,38311.3,1.22,112.89
2015-03-01,6.8,6.3,788.0,1.51,0.98,786803.0,105176.0,21637.0,157201.0,79359.0,258197.0,363373.0,179643.0,2603.0,12305.0,156382.0,119086.0,1085.0,7265.0,4414.0,12764.0,21033.0,7321.0,104.0,17458.0,2783.0,76104.0,53.13,37.28,24.84,28.52,26.91,46.53,24.67,18.26,51.17,41.3,73.4,67.03,69.02,61.49,41.4,42.87,8.73,19.39,15.76,28.44,25.78,26.69,25.18,14.99,12.03,4.67,2.14,5.48,3.92,4.22,1.28,3.29,4.24,7.23,12.73,5.89,4.13,5.16,5.1,2.18,1.77,2.3,3.69,3.88,8.31,0.44,6.72,1.81,111.48,76.97,101.4,113.4,130.4,8.0,160189.0,91962.0,8045.0,3011.0,2947.0,3.61,2.68,1.87,2.11,2.01,3.24,1.85,1.41,13.05,6.44,4.87,155.69,327928960.0,2183104350.0,4475838274.0,4836693747.0,23.0,2.0,33554.3,1.32,106.86
2015-04-01,6.9,6.3,788.0,0.71,1.17,786363.0,106223.0,21637.0,158445.0,80334.0,260416.0,366639.0,177577.0,2486.0,12409.0,155198.0,111715.0,991.0,6774.0,3776.0,11541.0,18962.0,6537.0,108.0,16919.0,2702.0,72303.0,54.79,37.42,25.12,28.47,27.07,48.85,24.55,18.62,50.88,40.73,71.93,66.23,67.84,60.25,41.53,41.03,8.67,19.44,15.81,28.55,25.78,26.77,25.24,14.94,12.27,4.67,2.12,5.58,4.28,4.28,1.22,3.34,4.28,7.37,12.09,5.68,4.31,5.27,4.95,2.17,1.73,2.26,3.7,3.87,7.83,0.45,7.06,1.9,114.52,78.93,107.8,124.7,120.2,8.1,160354.0,92174.0,8153.0,2992.0,2937.0,3.71,2.68,1.89,2.11,2.02,3.37,1.85,1.43,13.05,6.57,4.97,151.96,319444733.0,2178077343.0,4493113529.0,4850532086.0,9.0,2.0,61731.41,0.71,101.56
2015-05-01,6.9,6.4,788.0,0.99,0.41,789755.0,106930.0,21720.0,159318.0,81443.0,262482.0,369411.0,175477.0,2372.0,12369.0,157428.0,113250.0,996.0,6604.0,3875.0,11475.0,18600.0,6404.0,92.0,16081.0,2609.0,74049.0,56.28,37.55,25.63,28.37,27.36,48.82,24.81,19.14,50.92,41.17,72.23,66.17,68.05,60.31,41.67,40.97,8.7,19.4,15.78,28.47,25.93,26.76,25.13,14.85,12.45,4.7,2.1,5.44,3.86,3.86,1.2,3.03,3.95,7.35,11.82,5.64,4.39,5.44,5.01,2.23,1.73,2.31,3.8,3.91,7.35,0.46,7.31,1.99,115.85,83.72,67.7,64.1,112.8,8.3,160525.0,92147.0,8290.0,3004.0,2925.0,3.79,2.69,1.92,2.1,2.04,3.37,1.86,1.47,13.46,6.62,5.2,153.7,318441737.0,2193636407.0,4554350444.0,4908824344.0,10.0,2.0,35627.99,0.74,91.77
2015-06-01,7.0,6.5,788.0,0.77,0.67,791833.0,107369.0,21646.0,160837.0,82501.0,264985.0,372353.0,172943.0,2269.0,12712.0,158294.0,114149.0,967.0,6556.0,3952.0,11475.0,19041.0,6703.0,110.0,15375.0,2833.0,72208.0,57.53,37.98,25.82,28.05,27.41,49.05,24.71,19.21,51.53,40.93,72.77,66.13,68.34,61.08,41.67,40.47,8.77,19.55,15.75,28.63,25.79,26.82,25.3,14.83,12.67,4.71,2.14,5.51,3.74,3.61,1.31,2.91,3.98,7.4,11.53,5.29,4.21,5.3,4.91,2.17,1.7,2.24,3.58,3.95,7.13,0.46,7.21,2.09,119.6,87.69,96.6,127.6,105.2,8.4,160693.0,92249.0,8498.0,2986.0,2931.0,3.86,2.72,1.93,2.08,2.04,3.38,1.86,1.48,13.89,6.77,5.39,155.07,318619292.0,2200717397.0,4563586143.0,4951069509.0,18.0,2.0,63648.99,0.79,90.58
2015-07-01,7.1,6.6,788.0,0.58,0.69,794445.0,107433.0,21767.0,161670.0,83553.0,266990.0,374423.0,171006.0,2184.0,12753.0,159904.0,114625.0,929.0,6234.0,3981.0,11144.0,18211.0,6998.0,118.0,14539.0,2803.0,72476.0,58.77,39.67,26.45,28.02,27.9,49.95,24.5,19.43,51.08,40.33,72.0,66.07,67.83,60.48,41.5,40.6,8.8,19.62,15.68,28.62,25.75,26.8,25.31,14.81,12.95,4.79,2.21,5.35,3.53,3.74,1.2,2.93,3.93,7.19,11.04,5.45,4.16,5.45,5.03,2.18,1.68,2.26,3.68,3.89,6.78,0.49,7.48,2.15,120.65,90.87,96.6,154.9,108.0,8.7,160864.0,92231.0,8762.0,2966.0,2913.0,3.93,2.82,1.97,2.08,2.07,3.43,1.84,1.49,14.32,6.82,5.53,160.33,312043132.0,2210374249.0,4597352502.0,4989008758.0,12.0,1.0,39758.44,0.62,84.55
2015-08-01,7.3,6.7,788.0,0.25,0.28,796929.0,108002.0,21774.0,162619.0,84380.0,268773.0,376775.0,168622.0,2105.0,12661.0,160515.0,111083.0,897.0,6311.0,3809.0,11016.0,17887.0,6403.0,95.0,14703.0,2971.0,71564.0,60.13,40.68,26.28,28.16,27.91,50.94,24.79,19.13,50.79,39.8,72.33,66.1,68.01,59.97,41.67,41.7,8.7,19.6,15.61,28.62,25.76,26.8,25.27,14.76,13.12,4.78,2.19,5.36,3.6,3.77,1.21,2.96,4.0,7.38,10.96,5.91,4.11,5.61,5.07,2.18,1.72,2.27,3.81,3.93,6.45,0.61,7.64,2.05,129.16,93.18,165.9,214.7,114.7,8.9,161029.0,92173.0,8953.0,2956.0,2898.0,4.0,2.89,1.96,2.09,2.07,3.49,1.86,1.47,14.38,7.15,5.64,168.0,310097600.0,2212621000.0,4591457079.0,5022943900.0,13.0,2.0,57066.38,0.22,84.66
2015-09-01,8.1,7.3,788.0,0.51,0.95,797471.0,108452.0,21747.0,163733.0,85058.0,270538.0,378990.0,166846.0,2035.0,12522.0,159038.0,110402.0,929.0,6964.0,3556.0,11449.0,18136.0,6226.0,95.0,14942.0,2584.0,70360.0,61.3,40.25,26.0,28.12,27.67,50.21,25.57,19.55,51.2,41.03,74.6,65.83,69.45,60.29,41.6,41.7,8.53,19.68,15.61,28.78,25.78,26.91,25.39,14.66,13.36,4.78,2.16,5.58,3.73,4.28,1.17,3.26,4.4,7.29,10.84,6.03,4.24,5.74,5.04,2.15,1.77,2.26,3.86,4.12,6.12,0.54,8.0,2.2,129.03,97.98,128.9,175.0,116.8,9.0,161192.0,92201.0,9153.0,2950.0,2894.0,4.06,2.86,1.94,2.09,2.06,3.45,1.92,1.5,14.63,7.15,5.86,183.62,308941546.0,2233749004.0,4636253676.0,5087639840.0,23.0,1.0,32124.94,0.54,85.53
2015-10-01,8.2,7.4,788.0,0.77,1.89,797058.0,108324.0,21731.0,164078.0,84995.0,270804.0,379127.0,164939.0,1968.0,12261.0,160508.0,109498.0,796.0,5367.0,2593.0,8756.0,14696.0,5943.0,88.0,15642.0,2480.0,73441.0,63.37,41.07,26.56,28.32,28.14,53.33,25.89,21.0,50.64,40.93,74.33,66.0,69.3,59.68,41.5,42.0,8.43,19.7,15.57,28.75,25.62,26.85,25.31,14.86,13.57,4.78,2.12,6.03,4.19,4.99,1.11,3.71,4.73,7.97,10.49,6.46,4.43,5.78,5.18,2.12,1.76,2.25,3.82,4.02,6.05,0.56,8.21,2.3,131.31,96.26,79.0,130.6,108.2,9.1,161355.0,92386.0,9254.0,2948.0,2881.0,4.18,2.91,1.98,2.1,2.09,3.63,1.94,1.6,14.35,7.24,5.78,185.03,311859455.0,2252120829.0,4677523145.0,5114530928.0,12.0,4.0,88451.19,0.82,88.77
2015-11-01,8.3,7.5,788.0,1.11,1.52,802893.0,108410.0,21490.0,165210.0,85206.0,271906.0,380316.0,163074.0,1911.0,11958.0,166954.0,114635.0,716.0,7275.0,2594.0,10585.0,16819.0,6154.0,103.0,15637.0,2350.0,75829.0,64.01,41.47,26.33,29.92,28.53,51.39,26.18,20.51,51.48,42.1,76.57,64.8,70.41,60.97,41.73,41.9,8.33,19.79,15.51,29.05,25.58,27.03,25.47,14.84,13.83,4.73,1.98,5.59,3.87,4.39,1.15,3.33,4.3,7.77,9.44,6.18,4.05,5.96,5.33,2.1,1.82,2.27,4.08,4.09,5.86,0.59,8.15,2.34,134.84,100.55,30.8,38.3,96.9,9.1,161516.0,92287.0,9287.0,3046.0,2866.0,4.21,2.93,1.97,2.21,2.11,3.52,1.96,1.57,14.77,7.37,5.97,176.15,323866983.0,2269537065.0,4716993314.0,5163315756.0,18.0,0.0,0.0,1.01,85.55
2015-12-01,8.2,7.5,788.0,0.9,0.49,805578.0,107530.0,21231.0,165819.0,85480.0,272529.0,380059.0,161118.0,1870.0,11596.0,173729.0,121503.0,605.0,5925.0,2411.0,8941.0,16270.0,7098.0,117.0,14545.0,2307.0,81679.0,62.73,41.16,26.52,30.89,28.92,50.79,26.01,20.22,50.8,43.1,75.23,64.77,69.68,59.59,41.73,43.03,8.13,19.93,15.41,29.03,25.38,26.96,25.51,14.6,14.25,4.7,2.05,5.37,4.12,5.24,1.12,3.86,4.53,7.26,8.21,5.4,3.43,6.18,5.48,2.11,1.84,2.29,4.31,4.24,5.81,0.65,8.07,2.36,136.21,97.08,76.4,127.3,93.3,9.1,161679.0,92366.0,9222.0,3335.0,2855.0,4.14,2.91,1.98,2.27,2.14,3.48,1.95,1.55,14.92,7.43,5.82,178.15,347220589.0,2334143094.0,4854978073.0,5312283123.0,15.0,1.0,10452.04,0.96,87.17
2016-01-01,8.5,7.8,880.0,1.51,1.14,804529.0,107817.0,21015.0,165972.0,86923.0,273910.0,381727.0,159958.0,1825.0,11384.0,170126.0,103508.0,710.0,4729.0,3481.0,8920.0,15119.0,5520.0,85.0,15242.0,2284.0,70509.0,65.8,42.84,26.85,31.44,29.4,51.31,27.48,21.74,50.9,40.67,71.9,66.57,68.07,59.95,41.47,42.67,8.17,19.76,15.38,28.44,25.28,26.57,25.31,14.54,14.47,4.74,2.0,5.61,3.79,5.38,1.16,3.92,4.75,7.59,7.78,5.6,3.69,6.25,5.53,2.12,1.8,2.28,4.33,4.33,5.48,0.68,8.38,2.32,144.45,106.16,16.7,16.5,83.7,9.6,161840.0,91803.0,9772.0,3332.0,2867.0,4.3,3.02,2.0,2.3,2.17,3.51,2.04,1.65,15.23,7.73,6.21,183.39,321522785.0,2300666103.0,4829018658.0,5291768650.0,14.0,1.0,33592.02,1.27,89.04
2016-02-01,8.6,7.9,880.0,0.95,1.29,802295.0,107792.0,20890.0,165955.0,89326.0,276172.0,383964.0,157329.0,1775.0,11346.0,167312.0,106054.0,730.0,4979.0,4115.0,9824.0,16203.0,5199.0,88.0,16324.0,2373.0,71587.0,67.33,43.19,27.2,31.47,29.66,52.41,27.56,22.33,51.38,39.8,72.37,66.83,68.39,60.8,41.2,41.77,7.97,19.94,15.62,29.01,26.1,27.2,25.73,14.6,14.56,4.8,1.89,5.39,3.72,3.78,1.01,2.88,4.03,7.85,8.0,5.71,3.92,6.2,5.47,2.15,1.8,2.29,4.37,4.41,5.09,0.68,7.98,2.41,146.08,109.96,48.7,68.9,77.2,10.3,162003.0,91304.0,10541.0,3245.0,2850.0,4.38,3.04,2.03,2.31,2.19,3.57,2.05,1.69,15.34,7.79,6.38,180.54,319261836.0,2301159340.0,4884235641.0,5331795004.0,16.0,2.0,33673.31,0.9,95.23
2016-03-01,8.8,8.0,880.0,0.44,0.51,800989.0,108099.0,20705.0,166536.0,91034.0,278275.0,386375.0,155469.0,1738.0,11412.0,166587.0,112509.0,795.0,5371.0,3907.0,10074.0,17278.0,5988.0,102.0,15036.0,2614.0,73427.0,68.57,44.02,27.79,31.19,29.97,53.44,27.01,21.79,51.09,39.0,71.87,65.43,67.58,59.8,40.83,42.43,8.1,19.93,15.55,28.95,26.07,27.15,25.62,14.54,14.79,4.76,1.95,5.75,3.4,4.59,1.04,3.34,4.38,8.23,7.84,6.3,4.24,6.17,5.43,2.14,1.79,2.27,4.35,4.42,4.64,0.66,8.04,2.46,145.91,111.89,21.5,19.6,66.4,11.1,162166.0,90708.0,11281.0,2955.0,2859.0,4.45,3.09,2.06,2.29,2.21,3.63,2.01,1.66,15.4,7.79,6.46,170.41,313677641.0,2301406917.0,4953973835.0,5389752466.0,28.0,8.0,123214.59,0.43,89.31
2016-04-01,9.0,8.2,880.0,0.64,0.33,797312.0,109522.0,20670.0,166917.0,92047.0,279634.0,389156.0,152927.0,1690.0,11419.0,164368.0,106139.0,856.0,5321.0,3662.0,9840.0,16531.0,5270.0,67.0,15233.0,2443.0,70185.0,70.42,43.53,27.67,30.98,29.8,54.41,26.77,20.28,51.03,40.1,72.0,64.93,67.57,59.88,41.1,43.3,8.2,19.75,15.57,28.43,25.82,26.75,25.27,14.47,14.95,4.8,1.91,5.54,3.55,3.8,1.1,2.9,4.01,8.09,7.39,6.09,4.18,6.25,5.28,2.14,1.77,2.25,4.49,4.51,4.59,0.65,8.28,2.41,150.41,117.44,78.7,91.7,63.3,11.3,162325.0,90549.0,11578.0,2947.0,2846.0,4.54,3.06,2.06,2.27,2.2,3.69,2.0,1.55,15.49,7.95,6.69,164.72,316640864.0,2298824612.0,4975614007.0,5419606850.0,23.0,8.0,220046.45,0.61,87.68
2016-05-01,9.0,8.2,880.0,0.98,0.82,801789.0,109182.0,20534.0,167320.0,93096.0,280949.0,390132.0,151021.0,1621.0,11767.0,168770.0,114529.0,852.0,5649.0,3925.0,10426.0,17284.0,5607.0,42.0,15093.0,2601.0,75528.0,70.7,43.55,27.76,30.66,29.74,54.24,26.33,18.79,51.6,40.63,73.4,65.13,68.52,60.77,41.27,44.37,8.17,19.95,15.56,28.98,26.02,27.15,25.55,14.44,15.05,4.78,1.97,5.61,3.45,3.71,1.01,2.8,4.01,8.52,7.96,6.2,4.14,6.32,5.32,2.29,1.76,2.33,4.43,4.66,4.53,0.63,8.33,2.56,148.99,117.99,55.1,73.7,62.4,11.3,162487.0,90708.0,11578.0,2917.0,2854.0,4.56,3.06,2.06,2.25,2.19,3.68,1.97,1.45,15.69,7.9,6.71,166.25,314364643.0,2312333789.0,5008017964.0,5453699716.0,21.0,4.0,131211.73,0.78,90.85
2016-06-01,8.9,8.2,880.0,0.47,1.69,800341.0,107977.0,20546.0,,94138.0,282560.0,390537.0,149043.0,1561.0,11851.0,169686.0,113802.0,916.0,5817.0,4378.0,11111.0,18183.0,5891.0,40.0,14793.0,2591.0,73868.0,70.18,43.02,27.54,30.26,29.44,53.4,25.97,17.25,52.15,41.9,73.83,65.43,68.96,61.03,41.7,51.37,8.2,20.03,15.63,29.04,26.0,27.18,25.63,14.44,15.3,4.8,1.92,5.38,3.44,3.54,1.08,2.71,3.86,7.95,7.66,5.64,4.02,6.15,5.12,2.14,1.72,2.22,4.16,4.61,4.31,0.59,8.28,2.45,149.5,117.36,109.9,133.3,61.8,11.4,162648.0,90673.0,11716.0,2924.0,2825.0,4.53,3.03,2.05,2.23,2.17,3.63,1.94,1.33,15.62,7.92,6.68,166.98,315458133.0,2328060305.0,5042395159.0,5492324102.0,26.0,5.0,80382.46,0.35,98.05
2016-07-01,9.2,8.4,880.0,0.64,0.18,799849.0,107406.0,20462.0,167613.0,95586.0,283661.0,391067.0,147767.0,1505.0,11649.0,170330.0,110430.0,815.0,5594.0,4080.0,10488.0,16667.0,5858.0,31.0,14137.0,2458.0,73225.0,70.75,43.27,27.4,30.1,29.32,53.8,25.99,17.29,52.35,41.17,75.5,65.3,69.84,61.49,41.8,49.53,8.3,19.97,15.65,28.6,25.71,26.82,25.44,14.46,15.44,4.85,1.95,5.34,3.33,3.76,1.04,2.81,3.84,8.13,6.98,5.68,3.89,6.2,5.12,2.18,1.75,2.25,4.19,4.63,4.22,0.61,8.34,2.42,151.35,118.47,44.2,65.3,58.7,11.7,162810.0,90327.0,11977.0,2950.0,2828.0,4.56,3.04,2.04,2.22,2.17,3.65,1.94,1.34,15.6,7.98,6.73,158.77,313978056.0,2335393825.0,5093742194.0,5548744457.0,22.0,4.0,167389.84,0.52,97.67
2016-08-01,9.2,8.4,880.0,0.31,0.15,804054.0,106918.0,20369.0,167539.0,96973.0,284880.0,391798.0,146405.0,1446.0,11547.0,174436.0,119029.0,921.0,6118.0,4376.0,11414.0,17970.0,6378.0,31.0,14409.0,2418.0,77472.0,71.15,43.46,27.43,30.32,29.42,53.7,26.17,17.95,52.76,41.73,75.93,65.4,70.16,62.15,41.9,48.9,8.1,20.16,15.64,29.11,25.92,27.19,25.74,14.53,15.49,4.69,1.9,5.37,3.28,3.96,1.07,2.93,3.96,8.02,7.24,5.84,3.86,6.21,4.95,2.25,1.74,2.27,4.22,4.58,4.07,0.63,8.17,2.45,152.2,118.52,191.6,235.8,59.0,11.9,162969.0,90080.0,12159.0,2941.0,2852.0,4.58,3.05,2.04,2.23,2.17,3.65,1.96,1.39,15.82,8.01,6.73,155.61,313375647.0,2348937566.0,5158943154.0,5607068135.0,24.0,2.0,33339.73,0.44,100.05
2016-09-01,9.2,8.4,880.0,0.08,0.2,802737.0,106579.0,20361.0,168321.0,97188.0,285870.0,392449.0,145387.0,1405.0,11404.0,173634.0,108839.0,785.0,4742.0,3103.0,8630.0,14248.0,5837.0,37.0,14866.0,2291.0,73850.0,72.61,43.87,27.42,30.25,29.42,54.18,26.13,18.18,53.1,40.87,76.2,65.7,70.37,62.33,42.0,51.1,8.03,20.04,15.64,29.19,25.75,27.18,25.69,14.38,15.64,4.84,1.89,5.67,3.67,4.67,1.12,3.39,4.33,8.38,7.24,5.68,3.91,6.23,4.91,2.2,1.83,2.26,4.24,4.64,4.03,0.63,8.16,2.38,154.85,123.07,76.1,149.4,56.6,11.9,163128.0,89821.0,12156.0,2934.0,2850.0,4.65,3.08,2.04,2.23,2.17,3.67,1.95,1.4,15.96,8.11,6.91,158.33,323287076.0,2351620449.0,5205671446.0,5652149886.0,12.0,2.0,65721.57,0.08,106.95
2016-10-01,9.2,8.4,880.0,0.17,0.16,804279.0,105701.0,20487.0,168367.0,97767.0,286621.0,392322.0,143939.0,1362.0,11416.0,175996.0,114147.0,715.0,5376.0,3753.0,9843.0,16134.0,5991.0,34.0,15402.0,2335.0,76803.0,72.87,44.55,27.63,30.35,29.63,54.61,25.75,15.41,51.96,40.73,74.47,64.97,69.06,60.78,42.1,44.53,8.13,20.06,15.34,29.21,25.68,27.14,25.68,14.46,15.68,4.88,1.9,5.68,4.99,4.72,1.14,3.52,4.4,8.39,7.41,6.2,3.98,6.15,4.92,2.21,1.81,2.27,4.04,4.66,3.97,0.98,8.09,2.29,156.14,121.03,43.9,51.4,54.8,11.9,163287.0,89884.0,12184.0,2931.0,2854.0,4.67,3.12,2.05,2.23,2.19,3.7,1.93,1.2,15.84,8.15,6.83,158.07,322983773.0,2356477212.0,5228485955.0,5681511504.0,10.0,1.0,9768.17,0.26,105.98
2016-11-01,9.0,8.3,880.0,0.07,-0.03,810142.0,105116.0,20150.0,168526.0,98522.0,287198.0,392314.0,143553.0,1325.0,11258.0,181450.0,120500.0,715.0,5259.0,4243.0,10216.0,16147.0,6634.0,36.0,15733.0,2332.0,82662.0,72.93,43.43,27.59,30.44,29.56,54.5,25.85,15.16,52.63,41.77,74.33,65.13,69.1,61.6,42.4,45.6,8.07,20.04,15.39,29.19,25.66,27.13,25.7,14.34,15.74,4.95,1.88,5.29,4.38,3.85,1.01,2.91,3.91,7.94,6.76,6.07,3.81,6.07,4.89,2.26,1.92,2.33,4.03,4.72,3.93,1.06,7.79,2.17,155.43,120.15,200.0,100.9,63.2,12.0,163444.0,90149.0,12279.0,3045.0,2858.0,4.67,3.05,2.05,2.24,2.18,3.69,1.93,1.18,16.02,8.13,6.8,166.76,332706192.0,2387236146.0,5264955221.0,5743868110.0,14.0,1.0,19094.23,0.18,110.3
2016-12-01,9.1,8.3,880.0,0.14,0.54,810652.0,101850.0,19648.0,168881.0,99079.0,287608.0,389459.0,143591.0,1296.0,11188.0,186425.0,123526.0,696.0,4915.0,3835.0,9445.0,15252.0,7231.0,38.0,14429.0,2269.0,84712.0,70.99,42.7,27.53,30.3,29.4,54.22,25.7,14.65,52.61,43.2,75.17,65.2,69.78,61.81,42.4,45.3,8.1,20.06,15.47,28.49,25.34,26.63,25.49,14.46,15.83,5.05,1.98,4.77,2.96,3.65,0.94,2.67,3.55,7.04,5.9,5.16,3.27,6.05,4.85,2.24,1.93,2.31,4.0,4.62,3.81,1.14,7.68,2.05,153.75,114.63,41.5,41.2,60.4,12.2,163603.0,90174.0,12476.0,3328.0,2869.0,4.57,3.01,2.05,2.23,2.17,3.68,1.92,1.15,16.07,8.07,6.57,170.31,363028546.0,2446065748.0,5370570893.0,5831877727.0,26.0,1.0,53689.77,0.3,110.73
2017-01-01,9.3,8.5,937.0,0.42,0.64,811179.0,101333.0,19484.0,169230.0,100533.0,289247.0,390581.0,143662.0,1256.0,11161.0,184884.0,116764.0,821.0,5417.0,4535.0,10773.0,16969.0,6662.0,25.0,15301.0,2321.0,78436.0,71.79,43.73,27.59,30.71,29.64,54.17,26.18,16.94,52.86,41.73,73.23,66.33,68.94,61.61,42.43,46.8,8.13,20.15,15.43,29.07,25.58,27.05,25.83,14.49,15.74,4.99,1.92,5.26,3.08,4.46,0.93,3.14,4.13,7.72,6.51,5.9,3.58,6.01,4.84,2.25,1.95,2.32,3.94,4.65,3.79,1.2,7.66,1.94,161.92,116.92,113.8,136.6,68.6,12.7,163760.0,89746.0,13029.0,3357.0,2882.0,4.61,3.07,2.05,2.26,2.19,3.67,1.96,1.31,16.06,8.35,6.67,165.23,326435805.0,2390710458.0,5403067549.0,5842419766.0,39.0,2.0,34499.18,0.38,102.25
2017-02-01,9.4,8.6,937.0,0.24,0.08,807406.0,101436.0,19389.0,169985.0,102121.0,291495.0,392932.0,143710.0,1227.0,11151.0,180327.0,101993.0,742.0,5569.0,4846.0,11157.0,16926.0,5772.0,23.0,13859.0,2186.0,68190.0,72.0,43.82,27.38,30.71,29.52,54.14,25.71,16.61,53.0,40.03,74.33,67.27,69.82,62.28,42.17,43.8,8.0,20.11,15.58,29.13,25.87,27.2,25.8,14.48,15.74,5.01,1.77,4.77,3.09,3.31,0.94,2.47,3.45,7.36,5.93,5.21,3.38,5.91,4.71,2.22,1.94,2.29,,4.61,3.64,1.23,7.69,1.82,163.48,120.3,57.9,59.3,71.5,13.3,163919.0,89240.0,13666.0,3284.0,2892.0,4.62,3.07,2.04,2.26,2.18,3.67,1.93,1.29,15.9,8.41,6.8,159.6,333845630.0,2401311628.0,5428196722.0,5861693498.0,27.0,1.0,23067.84,0.33,113.8
2017-03-01,9.3,8.5,937.0,0.32,0.01,811975.0,102017.0,19171.0,170883.0,103924.0,293978.0,395996.0,143032.0,1187.0,11319.0,181605.0,129337.0,886.0,6400.0,5103.0,12389.0,19304.0,7417.0,33.0,16576.0,2634.0,85449.0,71.23,43.59,27.21,30.46,29.31,52.43,24.8,16.57,52.64,41.5,74.83,65.9,69.72,62.06,41.93,46.43,8.27,20.28,15.49,29.15,25.77,27.18,25.86,14.79,15.77,4.97,1.91,5.16,3.3,3.51,0.97,2.59,3.69,7.85,6.65,5.93,3.79,5.88,4.77,2.26,1.93,2.31,3.85,4.54,3.66,1.2,7.45,1.79,158.46,118.76,68.9,86.6,80.3,13.9,164077.0,88846.0,14305.0,3001.0,2906.0,4.58,3.06,2.03,2.24,2.17,3.58,1.86,1.29,15.95,8.23,6.74,156.07,325270676.0,2413002766.0,5507791836.0,5936525988.0,32.0,1.0,64910.54,0.25,109.38
2017-04-01,9.3,8.5,937.0,0.08,-1.1,808463.0,101929.0,19062.0,171494.0,104688.0,295244.0,397174.0,142676.0,1156.0,12368.0,178842.0,109942.0,791.0,6095.0,4070.0,10956.0,17134.0,5909.0,24.0,15063.0,2673.0,74376.0,66.58,43.24,26.65,28.33,28.18,50.21,24.39,16.69,53.4,41.5,,65.97,70.45,63.3,41.93,45.57,8.74,20.32,15.57,29.23,25.81,27.25,25.9,14.81,15.75,4.85,1.92,5.12,3.24,3.38,1.11,2.57,3.62,7.91,6.03,6.35,3.8,5.85,4.57,2.32,1.98,2.34,3.82,4.48,3.6,2.03,7.6,1.82,162.16,106.08,89.5,80.5,81.8,13.7,164230.0,89160.0,14172.0,2978.0,2887.0,4.34,3.04,1.99,2.1,2.09,3.45,1.84,1.29,14.81,8.36,6.21,156.15,327570800.0,2428356121.0,5474967657.0,5925396119.0,20.0,3.0,44168.42,0.14,109.01
2017-05-01,9.3,8.5,937.0,0.36,-0.93,816497.0,103111.0,19029.0,172623.0,106745.0,298397.0,401508.0,142535.0,1120.0,14660.0,183342.0,127898.0,967.0,6985.0,5798.0,13750.0,21142.0,7280.0,29.0,16327.0,4812.0,86452.0,62.14,42.28,26.01,27.84,27.57,50.43,24.25,17.88,54.26,42.7,77.67,67.17,71.92,64.29,41.97,46.37,9.26,20.47,15.61,29.34,25.9,27.34,25.94,14.88,15.74,5.3,2.4,4.98,2.96,3.31,1.0,2.46,3.55,7.65,6.14,5.73,3.73,5.93,4.59,2.44,1.92,2.39,3.86,4.5,3.47,1.67,7.63,1.92,159.59,86.89,148.5,115.6,88.6,13.4,164389.0,89623.0,13892.0,2958.0,2879.0,4.11,2.98,1.95,2.07,2.05,3.46,1.83,1.38,13.54,8.27,5.35,160.04,326537000.0,2462036268.0,5495565318.0,5947255664.0,50.0,6.0,138241.41,0.31,103.49
2017-06-01,9.1,8.4,937.0,-0.3,-0.67,820277.0,103421.0,19011.0,173798.0,107982.0,300791.0,404212.0,142786.0,1089.0,15547.0,183813.0,123740.0,900.0,7110.0,4955.0,12966.0,20341.0,7010.0,24.0,14936.0,3644.0,81778.0,62.22,41.78,25.82,27.76,27.4,48.63,24.03,18.4,54.81,43.17,78.2,67.3,72.3,65.3,41.87,47.27,9.44,20.59,15.69,29.53,25.93,27.47,26.03,14.94,15.76,5.12,2.45,4.81,3.05,3.23,1.06,2.44,3.47,7.38,5.59,4.75,3.3,5.75,4.42,2.36,1.9,2.32,3.71,4.36,3.21,1.28,7.43,1.78,157.89,91.92,63.7,76.1,86.0,13.1,164545.0,90193.0,13598.0,2968.0,2872.0,4.11,2.95,1.93,2.06,2.04,3.36,1.81,1.42,14.03,8.21,5.58,159.74,333582469.0,2497091464.0,5518949598.0,5978559446.0,97.0,15.0,543338.22,-0.23,100.06
2017-07-01,9.0,8.3,937.0,0.17,-0.72,825417.0,102982.0,19003.0,174357.0,109129.0,302489.0,405471.0,143061.0,1061.0,16333.0,188185.0,122292.0,880.0,6345.0,4752.0,11977.0,18508.0,7136.0,28.0,15164.0,3587.0,83574.0,63.65,42.11,25.83,27.78,27.43,50.57,23.79,17.05,54.0,42.5,77.47,67.0,71.74,64.14,42.03,46.2,9.21,20.63,15.72,29.55,25.96,27.49,26.05,14.99,15.74,5.36,2.64,4.73,3.0,3.38,1.14,2.55,3.55,7.25,5.64,5.48,3.07,5.72,4.36,2.44,1.95,2.38,3.73,4.23,3.02,1.14,7.32,1.87,159.64,93.46,102.2,113.5,88.9,12.9,164703.0,90585.0,13428.0,2977.0,2872.0,4.19,2.97,1.93,2.06,2.04,3.47,1.79,1.32,14.82,8.28,5.65,157.57,333533428.0,2492501008.0,5543482574.0,5978280665.0,80.0,7.0,283589.03,0.24,104.78
2017-08-01,8.9,8.2,937.0,-0.03,0.1,830704.0,103497.0,19126.0,175631.0,110387.0,305144.0,408641.0,144210.0,1034.0,16467.0,188944.0,126522.0,1049.0,7259.0,4956.0,13264.0,20183.0,8110.0,29.0,14936.0,3399.0,83415.0,62.31,41.29,25.59,27.6,27.17,49.41,23.22,17.38,53.77,43.27,77.2,66.87,71.56,63.7,42.13,46.13,9.27,20.73,15.85,29.63,25.99,27.55,26.15,15.07,15.77,5.08,2.55,4.61,2.81,3.45,1.1,2.56,3.47,7.03,5.61,6.74,3.1,5.71,4.3,2.44,1.97,2.39,3.82,4.06,2.81,1.38,7.08,1.88,160.93,92.46,68.6,74.0,82.8,12.7,164856.0,91001.0,13212.0,2991.0,2869.0,4.12,2.92,1.92,2.05,2.02,3.4,1.76,1.34,14.87,8.32,5.61,154.23,330016863.0,2513003631.0,5626754248.0,6054119494.0,104.0,8.0,365094.42,0.19,101.48
2017-09-01,8.9,8.1,937.0,-0.02,0.47,830364.0,103416.0,19061.0,176008.0,111015.0,306084.0,409500.0,145043.0,1010.0,16445.0,187405.0,118891.0,909.0,6382.0,4240.0,11531.0,18166.0,7274.0,28.0,15934.0,3209.0,81017.0,58.55,41.73,25.29,27.44,26.97,48.46,22.96,16.65,54.4,41.97,77.43,66.77,71.58,64.46,42.23,46.8,9.19,20.6,15.91,29.23,25.66,27.21,25.87,15.17,15.84,5.07,2.51,4.45,3.01,3.17,1.1,2.41,3.34,6.77,5.18,6.05,2.96,5.61,4.23,2.4,2.01,2.37,3.76,3.95,2.57,1.62,7.0,1.8,165.29,79.14,76.2,113.5,82.9,12.5,165007.0,91268.0,13068.0,2989.0,2881.0,3.92,2.95,1.9,2.04,2.01,3.35,1.74,1.29,13.33,8.47,4.98,157.54,335224186.0,2529390340.0,5677639428.0,6092331523.0,82.0,9.0,492787.86,0.16,99.67
2017-10-01,8.9,8.1,937.0,0.37,0.2,839865.0,103649.0,19126.0,176690.0,112176.0,307992.0,411641.0,146135.0,984.0,16521.0,191796.0,129709.0,978.0,6709.0,4940.0,12627.0,19504.0,8021.0,27.0,16439.0,3301.0,87851.0,58.85,40.84,24.88,27.22,26.6,49.13,22.51,17.76,54.22,42.9,77.4,66.8,71.62,64.04,42.23,48.13,9.12,20.86,15.98,29.78,25.85,27.59,26.13,15.82,15.86,4.81,2.36,4.77,3.01,3.86,1.11,2.8,3.71,7.14,5.64,6.7,3.13,5.55,4.18,2.43,2.07,2.41,3.81,3.84,2.62,1.65,6.75,1.78,166.97,78.91,91.3,97.5,87.3,12.3,165158.0,91602.0,12854.0,2991.0,2889.0,3.93,2.89,1.87,2.03,1.98,3.39,1.71,1.37,13.46,8.53,4.97,162.52,334125389.0,2516956654.0,5711202165.0,6146692564.0,93.0,11.0,485387.34,0.42,102.81
2017-11-01,8.7,8.0,937.0,0.18,0.52,851108.0,103992.0,18996.0,177194.0,113190.0,309381.0,413373.0,147900.0,968.0,16584.0,199772.0,133426.0,923.0,6537.0,4965.0,12424.0,19025.0,8218.0,33.0,17443.0,3306.0,92949.0,57.81,39.47,24.39,26.83,26.1,47.4,22.14,15.88,54.66,44.03,78.27,67.03,72.25,64.75,42.47,46.97,9.18,20.88,16.1,29.88,25.85,27.65,26.18,15.83,15.98,4.96,2.39,4.71,3.03,3.96,1.1,2.86,3.74,6.94,5.31,6.84,3.03,5.39,4.25,2.38,2.13,2.4,3.78,3.84,2.44,1.63,6.39,1.78,168.45,77.7,89.1,153.4,81.3,12.1,165308.0,92025.0,12707.0,3094.0,2900.0,3.88,2.81,1.84,2.0,1.95,3.29,1.68,1.24,13.54,8.58,4.91,171.15,348897769.0,2542372506.0,5713739945.0,6167287138.0,133.0,16.0,494831.56,0.28,103.96
2017-12-01,8.5,7.8,937.0,0.26,0.89,855305.0,101853.0,19039.0,177796.0,113950.0,310785.0,412638.0,149869.0,957.0,16776.0,204970.0,133564.0,,6504.0,4696.0,11972.0,19078.0,8483.0,39.0,16064.0,3134.0,93717.0,54.49,39.83,24.14,26.79,25.96,44.25,22.23,16.27,54.71,44.37,79.5,67.2,73.03,64.77,42.53,48.87,9.28,21.09,16.1,29.93,25.83,27.67,26.35,15.91,16.25,4.68,2.36,4.44,2.84,4.29,1.04,3.01,3.73,6.3,4.7,6.32,2.73,5.23,4.15,2.34,2.14,2.38,3.64,3.78,2.3,1.7,6.14,1.73,169.11,73.2,109.5,98.3,87.5,11.9,165459.0,92228.0,12453.0,3380.0,2898.0,3.69,2.83,1.82,2.0,1.94,3.1,1.69,1.26,13.41,8.6,4.68,169.65,383839562.0,2581696299.0,5770354874.0,6226509348.0,139.0,20.0,616378.84,0.44,109.46
2018-01-01,8.6,7.8,954.0,0.23,0.76,864128.0,102661.0,18484.0,178695.0,115503.0,312682.0,415343.0,152349.0,937.0,16614.0,206162.0,133384.0,1073.0,6305.0,5772.0,13150.0,20722.0,8552.0,29.0,17608.0,3262.0,92250.0,55.08,40.56,24.38,26.89,26.18,46.2,22.74,16.61,54.36,42.7,78.33,67.0,72.18,64.27,42.63,48.2,9.4,21.04,16.2,30.01,25.86,27.72,26.38,15.99,16.25,4.85,2.37,4.67,3.06,4.45,1.05,3.11,3.97,6.56,5.13,6.84,2.82,5.24,4.46,2.46,2.15,2.46,3.74,3.79,2.29,1.9,5.93,1.86,167.89,70.87,93.1,80.1,86.1,12.3,165608.0,91857.0,12850.0,3408.0,2912.0,3.72,2.88,1.83,2.0,1.96,3.22,1.72,1.29,13.18,8.56,4.57,171.2,347816120.0,2540195151.0,5774734690.0,6206921935.0,168.0,20.0,844620.02,0.29,116.96
2018-02-01,8.5,7.7,954.0,0.18,0.07,860692.0,103435.0,18450.0,179582.0,116612.0,314644.0,418079.0,152194.0,915.0,16701.0,199198.0,119267.0,901.0,6723.0,5103.0,12728.0,19684.0,6926.0,21.0,17000.0,3357.0,82115.0,56.94,41.32,24.45,26.9,26.26,46.92,22.47,16.46,54.51,40.9,78.03,66.67,71.77,63.87,42.57,47.13,9.26,20.91,16.29,30.13,25.93,27.82,26.33,15.92,16.29,4.89,2.27,4.55,3.29,3.84,1.07,2.78,3.67,6.6,5.55,6.32,2.93,5.13,4.31,2.38,2.13,2.4,3.65,3.71,2.34,1.97,6.01,1.8,175.41,77.1,41.5,25.0,84.3,12.7,165758.0,91312.0,13291.0,3310.0,2921.0,3.83,2.92,1.84,2.01,1.96,3.26,1.7,1.28,13.29,8.81,4.88,171.78,349603126.0,2555764990.0,5800302433.0,6226461110.0,174.0,24.0,823073.69,0.32,120.57
2018-03-01,8.4,7.6,954.0,0.07,0.64,866450.0,104900.0,18575.0,180709.0,117401.0,316686.0,421586.0,154023.0,901.0,17143.0,200159.0,131686.0,1002.0,7196.0,5171.0,13369.0,21110.0,8606.0,34.0,17290.0,3775.0,90300.0,56.54,41.32,24.29,26.75,26.11,46.77,21.75,14.55,54.25,40.37,79.23,66.7,72.45,64.1,42.67,48.23,9.87,21.05,16.37,30.23,25.97,27.9,26.39,16.03,16.47,4.97,2.41,4.8,3.02,4.29,1.06,3.02,3.82,6.91,5.76,7.15,3.35,5.07,4.32,2.37,2.17,2.41,3.65,3.63,2.17,1.9,5.94,1.74,170.37,76.49,62.4,63.1,85.4,13.2,165909.0,90879.0,13872.0,3044.0,2927.0,3.81,2.92,1.83,2.0,1.95,3.25,1.65,1.14,13.32,8.64,4.85,169.09,355419947.0,2610244305.0,5858214642.0,6285845760.0,205.0,32.0,1143069.37,0.09,115.64
2018-04-01,8.3,7.6,954.0,0.21,0.57,874237.0,105723.0,18653.0,181669.0,118226.0,318548.0,424271.0,155556.0,883.0,17311.0,202935.0,132227.0,1115.0,7174.0,5003.0,13292.0,21103.0,8462.0,32.0,16358.0,3684.0,89076.0,56.3,40.83,23.89,26.55,25.78,46.63,21.53,14.47,54.99,41.23,80.23,66.33,72.91,64.87,42.9,50.2,9.51,21.01,16.41,30.37,25.9,27.95,26.4,15.94,16.6,5.0,2.38,4.88,3.12,4.59,1.08,3.2,3.95,6.96,6.66,7.03,3.24,5.06,4.21,2.35,2.18,2.39,3.66,3.61,2.17,1.92,5.95,1.6,171.85,76.63,92.2,71.8,85.4,13.0,166055.0,91049.0,13603.0,3033.0,2932.0,3.79,2.89,1.8,1.98,1.93,3.24,1.64,1.13,13.35,8.69,4.85,175.83,359192039.0,2610320393.0,5862418608.0,6301712173.0,198.0,21.0,818863.74,0.22,109.94
2018-05-01,8.2,7.5,954.0,0.43,1.38,882766.0,106831.0,18814.0,183010.0,119695.0,321519.0,428350.0,156850.0,868.0,17627.0,205826.0,135822.0,1145.0,7711.0,5628.0,14484.0,22879.0,8260.0,29.0,14794.0,3875.0,90505.0,53.09,40.11,23.76,26.16,25.53,44.34,21.49,13.8,56.38,41.27,83.2,66.5,74.64,67.27,43.1,49.9,10.2,20.98,16.5,30.58,25.98,28.09,26.51,15.25,16.74,5.08,2.48,4.82,3.05,4.37,1.29,3.15,3.9,6.88,6.06,6.73,3.17,5.02,4.27,2.35,2.13,2.38,3.62,3.66,2.25,1.96,5.95,1.76,165.49,69.16,115.2,93.6,83.6,12.8,166205.0,91177.0,13417.0,3029.0,2936.0,3.61,2.85,1.79,1.96,1.91,3.11,1.64,1.08,12.6,8.48,4.48,191.92,358130097.0,2639056258.0,5875957544.0,6393646561.0,231.0,22.0,590953.11,0.4,113.5
2018-06-01,8.1,7.4,954.0,1.43,1.87,887360.0,107873.0,18947.0,184222.0,120664.0,323833.0,431707.0,157675.0,854.0,17948.0,205428.0,131153.0,1068.0,7518.0,5364.0,13949.0,22032.0,7452.0,29.0,15254.0,3812.0,87317.0,52.25,39.75,23.27,25.74,25.07,44.03,21.96,13.65,56.0,41.47,81.57,67.07,73.93,66.43,43.03,50.17,9.97,21.17,16.32,30.75,26.06,28.21,26.52,15.96,16.87,5.08,2.47,4.8,3.05,4.3,1.6,3.22,3.89,6.77,5.88,6.84,3.25,4.94,4.34,2.28,2.13,2.34,3.57,3.65,2.25,2.01,5.9,1.66,168.13,67.41,68.9,96.2,83.5,12.6,166354.0,91462.0,13148.0,3029.0,2926.0,3.57,2.83,1.76,1.93,1.88,3.09,1.67,1.07,12.2,8.57,4.39,197.93,359116892.0,2687682367.0,5937930939.0,6476692981.0,263.0,30.0,1250780.52,1.26,104.0
2018-07-01,8.1,7.4,954.0,0.25,0.51,895854.0,108074.0,18859.0,185278.0,121741.0,325877.0,433951.0,158832.0,841.0,18282.0,210123.0,135459.0,1158.0,7188.0,5564.0,13909.0,22095.0,8353.0,34.0,15521.0,3969.0,91284.0,51.24,39.09,23.23,25.51,24.92,44.66,22.34,14.41,55.46,41.3,80.83,67.17,73.55,65.9,43.03,50.7,10.03,21.32,16.6,30.88,26.04,28.3,26.64,16.01,17.08,5.12,2.58,4.75,2.93,4.31,1.54,3.2,3.91,6.76,5.99,7.01,3.04,5.01,4.38,2.33,2.12,2.37,3.58,3.64,2.06,2.09,5.96,1.59,167.13,62.42,115.5,103.1,86.1,12.4,166503.0,91905.0,13062.0,3047.0,2919.0,3.51,2.79,1.76,1.91,1.87,3.12,1.69,1.13,11.77,8.53,4.12,197.04,356789583.0,2687705607.0,5952652635.0,6473910303.0,253.0,38.0,1463317.06,0.33,103.48
2018-08-01,8.0,7.3,954.0,0.0,0.7,908266.0,109434.0,19101.0,186912.0,122880.0,328893.0,438326.0,161170.0,840.0,18693.0,213663.0,145241.0,1252.0,8004.0,5641.0,14898.0,23610.0,9419.0,41.0,14645.0,4083.0,97468.0,50.91,38.73,22.75,25.38,24.59,45.0,22.17,15.71,55.59,41.93,81.23,67.33,73.86,66.21,43.03,52.5,9.98,21.47,16.7,31.23,26.03,28.49,26.81,16.06,17.4,5.13,2.62,4.5,2.9,4.23,1.46,3.12,3.78,6.31,5.79,6.86,2.88,4.97,4.34,2.26,2.14,2.34,3.55,3.52,1.82,2.23,5.92,1.52,166.73,61.45,151.5,115.0,91.4,12.3,166651.0,92369.0,12915.0,3032.0,2930.0,3.49,2.77,1.72,1.9,1.85,3.14,1.68,1.22,11.85,8.52,4.07,198.68,365719880.0,2722687661.0,6051069562.0,6588892467.0,283.0,22.0,696362.95,-0.09,104.38
2018-09-01,8.0,7.2,954.0,0.3,1.52,908738.0,109168.0,19265.0,187813.0,123668.0,330746.0,439915.0,162820.0,840.0,19242.0,210295.0,127550.0,1012.0,7031.0,5229.0,13272.0,20745.0,8037.0,38.0,14397.0,4170.0,87216.0,51.11,38.88,22.7,25.19,24.5,45.1,22.17,15.17,55.4,41.4,81.03,67.8,73.89,65.99,42.93,52.43,10.2,21.53,16.75,31.34,26.1,28.58,26.88,16.06,17.7,5.18,2.67,4.56,2.93,4.36,2.11,3.43,3.97,6.14,5.51,6.2,2.84,4.94,4.28,2.21,2.19,2.32,3.5,3.48,1.79,2.38,6.04,1.49,164.5,63.12,113.6,172.7,94.0,12.0,166801.0,92930.0,12694.0,3022.0,2922.0,3.5,2.77,1.72,1.89,1.84,3.15,1.68,1.18,11.87,8.44,4.16,210.59,371430695.0,2768549987.0,6107351558.0,6642738040.0,238.0,29.0,1107883.01,0.48,106.79
2018-10-01,8.0,7.2,954.0,0.4,0.89,922774.0,110787.0,19389.0,189212.0,124924.0,333525.0,444312.0,164856.0,851.0,19672.0,216429.0,145814.0,1202.0,7646.0,6020.0,14868.0,23815.0,9386.0,52.0,15203.0,4214.0,97196.0,51.19,38.53,22.59,25.11,24.39,45.76,22.36,15.22,55.79,42.17,81.83,67.53,74.27,66.48,43.0,51.33,10.04,21.63,17.28,31.57,26.09,28.73,27.02,16.12,18.1,5.28,2.74,5.03,3.04,6.22,1.87,4.4,4.74,6.42,5.88,7.24,2.92,4.9,4.27,2.22,2.21,2.34,3.52,3.4,1.77,2.93,5.91,1.59,166.06,61.44,77.7,98.9,91.6,11.9,166950.0,93319.0,12559.0,3012.0,2922.0,3.5,2.75,1.71,1.88,1.84,3.19,1.7,1.19,11.83,8.5,4.07,197.73,362857188.0,2758971123.0,6137916038.0,6629067471.0,284.0,45.0,2023709.21,0.45,107.91
2018-11-01,7.8,7.1,954.0,-0.25,-0.49,942326.0,112190.0,19384.0,190466.0,125511.0,335362.0,447552.0,167579.0,864.0,20041.0,228802.0,155258.0,1154.0,7885.0,5124.0,14163.0,22722.0,9510.0,49.0,16467.0,4508.0,109195.0,50.85,37.24,22.74,25.02,24.37,45.28,21.68,14.92,55.49,44.0,81.97,67.13,74.29,66.02,43.33,51.13,10.42,21.62,17.32,31.69,26.07,28.8,27.07,16.18,18.46,5.18,2.63,4.9,3.03,5.89,1.84,4.21,4.58,6.32,5.64,7.47,2.84,4.77,4.17,2.15,2.22,2.29,3.5,3.36,1.68,3.19,5.62,1.6,161.56,60.21,106.9,116.3,93.5,11.7,167097.0,93615.0,12416.0,3132.0,2922.0,3.49,2.67,1.72,1.88,1.83,3.16,1.65,1.17,11.97,8.34,4.01,192.92,376198825.0,2767462368.0,6150787765.0,6639977745.0,329.0,26.0,1035186.49,-0.21,114.5
2018-12-01,7.6,6.9,954.0,0.14,-1.08,954473.0,112731.0,19538.0,190654.0,126365.0,336557.0,449288.0,170287.0,881.0,20127.0,237581.0,151927.0,1004.0,6344.0,5337.0,12685.0,22437.0,9540.0,53.0,14807.0,4184.0,106675.0,48.09,37.24,22.39,25.28,24.27,41.84,21.68,15.59,55.84,44.97,83.27,67.5,75.21,66.79,43.57,52.7,10.54,21.7,17.45,31.63,25.99,28.73,27.08,16.23,18.95,5.23,2.71,4.31,2.99,4.37,1.73,3.3,3.81,5.93,4.99,6.76,2.5,4.8,4.3,2.18,2.29,2.35,3.53,3.35,1.57,2.86,5.52,1.66,158.91,58.06,90.9,92.6,92.1,11.7,167246.0,93534.0,12413.0,3440.0,2938.0,3.33,2.67,1.7,1.9,1.83,2.96,1.65,1.21,12.08,8.25,3.89,193.73,410226239.0,2851295642.0,6327699486.0,6760860118.0,201.0,27.0,1033093.43,0.15,127.8
2019-01-01,7.6,7.0,998.0,0.36,0.01,965020.0,115264.0,19915.0,192801.0,127325.0,340040.0,455304.0,172914.0,887.0,20578.0,237322.0,148422.0,1412.0,8328.0,5465.0,15205.0,25453.0,9663.0,45.0,16402.0,4233.0,100909.0,50.33,37.52,22.32,25.35,24.28,43.91,22.36,16.55,55.73,43.83,82.37,66.87,74.39,66.34,43.8,50.7,10.44,21.62,17.64,31.73,25.93,28.78,27.08,16.26,18.55,5.18,2.67,4.48,2.91,3.95,1.74,3.06,3.8,6.22,5.53,7.57,2.75,4.81,4.29,2.15,2.3,2.33,3.52,3.34,1.72,3.18,5.57,1.72,163.07,60.88,71.4,75.2,89.8,12.2,167393.0,93051.0,12889.0,3467.0,2957.0,3.46,2.69,1.69,1.9,1.83,3.08,1.7,1.28,11.98,8.39,4.04,186.91,372836696.0,2782890822.0,6247917656.0,6701921956.0,349.0,28.0,971608.49,0.32,128.64
2019-02-01,7.5,6.9,998.0,0.54,0.88,969256.0,117051.0,20200.0,194792.0,129315.0,344306.0,461357.0,175044.0,893.0,21218.0,231387.0,141180.0,1326.0,8270.0,6848.0,16444.0,25376.0,9006.0,43.0,16360.0,4452.0,95063.0,51.95,38.37,22.11,25.41,24.24,45.36,22.01,16.83,55.26,41.93,82.03,67.47,74.3,65.74,43.63,51.53,10.21,21.63,17.76,31.91,26.11,28.94,27.2,16.3,18.79,,2.64,4.34,2.91,3.41,1.71,2.74,3.5,6.05,5.37,7.84,2.85,4.7,4.08,2.0,2.28,2.23,3.41,3.24,1.62,3.21,5.64,1.75,170.47,65.0,48.4,50.8,91.9,12.6,167542.0,92643.0,13296.0,3356.0,2968.0,3.55,2.74,1.68,1.9,1.83,3.17,1.67,1.3,12.18,8.65,4.26,187.38,376405088.0,2789368553.0,6261466804.0,6709137534.0,339.0,30.0,1263523.0,0.43,139.39
2019-03-01,7.5,6.8,998.0,0.77,1.26,978787.0,118913.0,20412.0,196695.0,130730.0,347838.0,466751.0,176740.0,904.0,21970.0,232784.0,141285.0,1227.0,7933.0,6267.0,15427.0,24196.0,8586.0,47.0,17123.0,4824.0,97714.0,52.65,37.7,21.61,25.08,23.79,45.41,21.38,15.6,55.09,42.57,83.1,67.53,74.96,65.44,43.47,51.5,10.69,21.6,17.83,31.68,26.18,28.84,27.11,16.2,19.04,5.27,2.75,5.03,2.94,5.41,1.78,3.9,4.41,6.82,6.13,8.47,3.23,4.72,4.07,1.99,2.29,2.23,3.46,3.27,1.65,3.2,5.66,1.75,178.46,67.14,69.4,81.0,92.5,12.8,167690.0,92621.0,13651.0,3054.0,2956.0,3.59,2.7,1.64,1.88,1.79,3.17,1.63,1.22,12.27,8.91,4.37,192.19,377380908.0,2826921482.0,6316011118.0,6786532799.0,318.0,37.0,1320324.06,0.75,125.53
2019-04-01,7.4,6.8,998.0,0.6,0.92,993017.0,120807.0,20719.0,198777.0,132118.0,351613.0,472421.0,179073.0,921.0,22506.0,236600.0,151983.0,1620.0,8414.0,6552.0,16586.0,25910.0,9823.0,55.0,16391.0,4897.0,102300.0,52.45,37.07,21.48,24.65,23.53,46.01,21.26,15.29,55.33,44.23,83.53,67.47,75.25,65.75,43.73,52.83,10.69,21.73,18.07,32.21,26.17,29.14,27.33,16.34,19.28,5.34,2.75,4.73,3.02,3.9,1.63,2.99,3.77,6.87,6.06,7.78,3.16,4.73,4.03,1.94,2.29,2.2,3.43,3.25,1.66,3.36,5.7,1.91,170.84,65.37,62.1,86.5,90.9,12.6,167834.0,93219.0,13456.0,3019.0,2941.0,3.58,2.66,1.63,1.85,1.78,3.2,1.62,1.19,12.2,8.66,4.28,195.13,375671489.0,2837567785.0,6329039326.0,6802015276.0,386.0,46.0,1812470.78,0.57,121.71
2019-05-01,7.3,6.7,998.0,0.15,0.45,1009626.0,123624.0,21189.0,201466.0,133203.0,355859.0,479483.0,181727.0,940.0,23388.0,242673.0,158451.0,1640.0,8978.0,6236.0,16854.0,27173.0,10196.0,56.0,17155.0,5280.0,107109.0,51.8,36.39,21.36,24.42,23.34,44.54,21.1,15.48,55.5,44.57,83.43,67.07,75.05,65.98,43.87,53.87,10.59,21.83,18.25,32.42,26.15,29.26,27.4,16.41,19.79,5.35,2.81,4.58,2.89,3.6,1.66,2.83,3.6,6.69,5.86,8.07,3.09,4.81,4.01,2.0,2.33,2.24,3.54,3.31,1.63,3.7,5.71,1.94,174.11,65.99,83.1,152.4,87.9,12.4,167982.0,93761.0,13266.0,3022.0,2919.0,3.54,2.62,1.63,1.84,1.76,3.12,1.61,1.21,12.24,8.77,4.31,191.27,371571210.0,2858260568.0,6413435285.0,6851178385.0,474.0,51.0,2200413.77,0.13,117.01
2019-06-01,7.3,6.6,998.0,0.01,0.8,1016885.0,125377.0,21512.0,204048.0,133668.0,359228.0,484605.0,184080.0,958.0,23864.0,241332.0,146165.0,1529.0,8886.0,5702.0,16117.0,25588.0,9118.0,51.0,16515.0,4912.0,99297.0,52.08,35.9,21.04,23.99,22.97,44.45,20.8,15.86,56.27,45.4,84.47,67.47,75.84,67.13,44.03,53.83,10.39,21.85,18.37,32.63,26.16,29.4,27.54,16.31,20.24,5.31,2.77,4.94,3.1,5.11,1.74,3.74,4.26,6.78,5.58,7.8,3.09,4.78,3.88,1.99,2.32,2.23,3.57,3.33,1.58,3.03,5.62,1.86,175.58,68.21,211.6,446.0,,12.1,168128.0,94159.0,13011.0,3024.0,2916.0,3.56,2.59,1.6,1.81,1.74,3.11,1.59,1.23,12.26,8.81,4.43,181.86,376630901.0,2882284876.0,6462185630.0,6884678511.0,474.0,53.0,1889940.4,0.01,107.38
2019-07-01,7.3,6.7,998.0,0.1,0.4,1033660.0,126104.0,21935.0,206876.0,135010.0,363821.0,489925.0,185810.0,992.0,24277.0,250067.0,165869.0,,9414.0,6935.0,18058.0,28436.0,11207.0,67.0,17490.0,5224.0,112606.0,51.13,35.15,20.79,23.8,22.72,44.04,20.34,14.61,56.56,46.53,85.27,67.73,76.46,67.56,44.23,54.1,10.53,22.04,18.6,32.82,26.19,29.53,27.72,16.49,20.21,5.3,2.81,4.99,2.97,5.29,1.73,3.83,4.38,6.83,5.68,7.61,3.02,4.84,3.89,1.99,2.34,2.23,3.59,3.37,1.58,3.26,5.64,1.82,175.24,66.11,115.2,220.7,96.6,12.0,168276.0,94395.0,12812.0,3051.0,2909.0,3.5,2.54,1.59,1.8,1.72,3.09,1.55,1.14,12.26,8.8,4.32,180.49,372490492.0,2887363074.0,6514185140.0,6915668862.0,596.0,89.0,3700869.63,0.19,110.92
2019-08-01,7.5,6.8,998.0,0.12,-0.67,1049189.0,127076.0,22315.0,209662.0,136041.0,368019.0,495095.0,189657.0,978.0,24682.0,253648.0,159893.0,1597.0,9373.0,6789.0,17760.0,27869.0,10921.0,24.0,16578.0,5088.0,107480.0,50.84,34.97,20.55,23.57,22.49,43.24,20.1,17.01,56.6,46.23,84.97,68.4,76.53,67.44,44.43,52.0,10.13,22.02,18.72,32.64,26.23,29.46,27.75,16.38,20.38,5.23,2.78,4.89,3.06,5.07,1.79,3.74,4.26,6.6,5.59,7.87,3.13,4.87,3.84,1.9,2.38,2.2,3.5,3.34,1.6,3.46,5.97,1.7,177.29,68.28,253.8,256.5,98.7,11.9,168421.0,94509.0,12823.0,3039.0,2920.0,3.48,2.53,1.57,1.78,1.7,3.04,1.54,1.32,12.39,8.87,4.43,180.99,376799693.0,2910893771.0,6552984089.0,7022518299.0,588.0,76.0,2979754.94,0.11,114.58
2019-09-01,7.4,6.7,998.0,-0.05,-0.01,1060809.0,128008.0,22439.0,213075.0,136733.0,372247.0,500255.0,192489.0,962.0,24742.0,255936.0,158811.0,1497.0,10135.0,6396.0,18028.0,27974.0,10534.0,7.0,16300.0,4885.0,107114.0,49.87,34.9,19.32,23.24,21.66,41.67,19.79,23.99,57.02,45.97,84.53,68.13,76.2,67.89,44.53,46.53,10.33,22.16,18.81,32.88,26.26,29.63,27.9,16.56,20.23,,2.75,4.78,3.05,5.15,1.76,3.78,4.26,6.51,5.62,7.57,2.95,4.98,3.88,1.94,2.48,2.25,3.6,3.37,1.72,3.75,6.15,1.68,178.24,69.54,146.1,110.4,101.9,11.9,168565.0,94737.0,12798.0,3049.0,2923.0,3.43,2.53,1.48,1.76,1.65,2.95,1.52,1.81,12.41,8.9,4.5,190.45,387561723.0,2954813223.0,6646055953.0,7092243208.0,519.0,91.0,4028991.18,-0.04,112.19
2019-10-01,7.4,6.7,998.0,0.04,0.68,1076440.0,130083.0,22687.0,216451.0,137962.0,377099.0,507182.0,196124.0,935.0,24885.0,260591.0,170128.0,1626.0,10276.0,7331.0,19232.0,31273.0,11652.0,7.0,16601.0,5178.0,113126.0,48.48,34.21,18.81,22.91,21.2,38.19,19.65,23.12,58.25,46.97,85.17,68.43,76.76,69.84,44.63,49.23,10.83,22.35,18.92,33.12,26.3,29.79,28.1,16.62,19.99,5.32,2.81,4.79,2.93,5.08,1.71,3.72,4.23,6.56,5.91,7.24,2.93,4.98,3.87,1.9,2.51,2.24,3.6,3.34,1.76,4.03,6.14,1.65,173.58,69.5,92.4,82.3,105.1,11.8,168710.0,95042.0,12657.0,3055.0,2943.0,3.35,2.48,1.45,1.73,1.62,2.73,1.51,1.75,12.6,8.75,4.5,194.65,381928994.0,2966159632.0,6666132060.0,7090277775.0,630.0,104.0,3874963.35,0.1,111.82
2019-11-01,7.5,6.7,998.0,0.54,0.3,1091991.0,131830.0,22853.0,218122.0,138403.0,379379.0,511208.0,199841.0,904.0,24797.0,267337.0,167346.0,1407.0,9755.0,6391.0,17554.0,27887.0,11134.0,4.0,17418.0,4774.0,115938.0,48.97,33.07,18.47,22.65,20.84,38.77,19.29,28.12,58.63,48.13,90.8,68.37,80.03,70.72,44.83,43.9,10.5,22.41,19.03,33.44,26.32,29.99,28.26,16.5,19.73,5.33,2.78,4.62,2.95,4.45,1.76,3.38,3.94,6.54,5.92,7.65,2.91,4.97,3.94,1.87,2.53,2.23,3.6,3.38,1.92,4.4,6.13,1.81,177.77,69.97,39.1,48.2,99.1,11.3,168853.0,95410.0,12140.0,3167.0,2955.0,3.38,2.41,1.42,1.72,1.59,2.77,1.48,2.09,12.61,8.89,4.52,204.27,406241336.0,3006693123.0,6705196896.0,7159558180.0,687.0,121.0,4904250.99,0.51,118.64
2019-12-01,7.7,7.0,998.0,1.22,2.09,1112378.0,131607.0,22841.0,222367.0,138668.0,383876.0,515483.0,203586.0,873.0,24427.0,280372.0,184965.0,1338.0,11047.0,6724.0,19109.0,30360.0,12133.0,6.0,16298.0,4710.0,129072.0,46.12,32.75,18.21,22.32,20.54,36.75,19.15,26.85,57.73,48.9,88.33,68.8,78.86,69.05,44.9,43.73,10.33,22.68,19.11,33.56,26.37,30.12,28.51,16.72,21.23,5.22,2.73,4.57,3.04,5.12,1.71,3.77,4.18,6.25,5.68,6.7,2.59,5.01,4.07,1.88,2.56,2.26,3.65,3.45,2.11,4.94,6.0,1.86,175.81,65.65,28.0,24.5,79.9,11.1,168997.0,95515.0,11903.0,3461.0,2945.0,3.21,2.39,1.4,1.69,1.57,2.64,1.47,2.0,12.63,8.82,4.3,205.54,447721783.0,3099422442.0,6813474032.0,7256443849.0,649.0,108.0,4708050.43,1.15,121.26
2020-01-01,7.8,7.1,1039.0,0.19,0.48,1124457.0,134342.0,23283.0,225113.0,140272.0,388668.0,523010.0,206974.0,850.0,24547.0,277657.0,169238.0,1636.0,10026.0,6641.0,18303.0,30062.0,11413.0,6.0,18663.0,4775.0,117880.0,45.72,34.04,18.82,23.25,21.3,39.29,19.73,28.63,57.55,46.73,85.37,67.43,76.58,68.08,45.17,45.07,10.3,22.76,19.32,34.07,26.26,30.38,28.74,16.84,19.18,5.23,2.66,4.42,3.0,3.06,1.88,2.63,3.5,6.38,6.15,7.17,2.96,4.95,4.09,1.88,2.59,2.27,3.68,3.52,2.2,5.03,5.7,1.89,184.08,67.6,144.2,193.8,85.1,11.4,169139.0,95123.0,12184.0,3475.0,2955.0,3.19,2.47,1.45,1.76,1.62,2.8,1.51,2.12,12.58,9.09,4.4,207.56,404550142.0,3032056110.0,6750429150.0,7195871247.0,948.0,167.0,6825576.28,0.21,121.27
2020-02-01,7.8,7.1,1045.0,0.17,-0.04,1129245.0,136142.0,23739.0,227590.0,142045.0,393374.0,529516.0,209000.0,833.0,25035.0,270563.0,153292.0,1419.0,9697.0,7668.0,18784.0,29058.0,9399.0,9.0,17500.0,5050.0,105886.0,46.86,33.86,18.73,23.54,21.35,40.14,19.4,23.59,56.95,45.9,85.73,68.13,76.98,67.71,45.1,44.37,10.17,22.49,19.54,33.58,25.9,29.97,28.4,16.72,18.97,5.28,2.67,4.34,3.15,2.66,1.79,2.38,3.27,6.64,6.63,6.92,2.91,5.07,4.14,1.84,2.61,2.26,3.65,3.6,2.38,5.22,6.29,1.91,186.69,72.8,195.6,268.2,92.2,11.8,169283.0,94675.0,12609.0,3381.0,2962.0,3.25,2.46,1.44,1.78,1.63,2.85,1.49,1.78,12.74,9.17,4.66,206.62,409907807.0,3043035747.0,6787939129.0,7215768079.0,854.0,149.0,6233760.23,0.25,131.79
2020-03-01,8.2,7.3,1045.0,0.18,1.24,1130254.0,136998.0,23857.0,229886.0,143301.0,397043.0,534041.0,209308.0,812.0,25605.0,261946.0,153698.0,1437.0,9396.0,7988.0,18821.0,31238.0,8649.0,7.0,18897.0,5545.0,104524.0,46.4,32.57,18.84,22.69,21.03,37.35,19.76,25.56,57.9,47.4,86.5,70.17,78.27,69.43,45.1,43.0,10.4,22.65,19.64,34.24,25.71,30.29,28.66,16.78,18.66,5.27,2.67,4.83,3.03,3.07,1.66,2.56,3.45,7.69,8.34,8.53,3.6,5.2,4.16,1.86,2.6,2.27,3.73,3.78,2.65,5.3,6.63,2.02,188.94,77.77,303.6,368.2,102.1,12.4,169427.0,93115.0,13148.0,3102.0,2988.0,3.23,2.38,1.45,1.72,1.6,2.68,1.51,1.91,12.86,9.24,4.91,197.72,435822892.0,3209501552.0,6874426696.0,7333256201.0,1071.0,155.0,6733018.83,0.07,124.58
2020-04-01,8.5,7.5,1045.0,-0.23,0.8,1105590.0,138119.0,23655.0,230554.0,143346.0,397555.0,535674.0,205932.0,786.0,26250.0,236381.0,121500.0,1149.0,7808.0,8425.0,17381.0,29375.0,4338.0,2.0,18705.0,5995.0,85835.0,44.67,29.12,18.27,21.62,20.11,34.69,20.38,27.38,61.0,51.7,88.6,81.23,83.83,74.58,44.33,41.03,10.47,23.04,19.85,34.39,27.04,30.88,29.19,16.83,18.31,,2.68,4.92,3.07,3.48,1.8,2.85,3.53,7.21,13.06,9.02,4.42,5.51,4.17,1.93,2.65,2.32,3.84,4.21,3.13,5.39,7.59,2.25,148.79,81.42,48.6,55.1,97.1,12.7,169568.0,90136.0,13160.0,3030.0,3024.0,3.13,2.15,1.41,1.64,1.54,2.51,1.56,2.04,12.56,7.89,5.09,200.81,471271060.0,3392853533.0,7041664378.0,7472941427.0,671.0,85.0,3642047.93,-0.31,111.97
2020-05-01,8.6,7.6,1045.0,-0.25,0.28,1099780.0,137387.0,23839.0,231323.0,142797.0,397960.0,535347.0,204540.0,757.0,26139.0,231972.0,124156.0,1157.0,8409.0,7072.0,16638.0,26285.0,6259.0,2.0,14974.0,5178.0,87426.0,43.44,29.64,18.12,21.44,19.98,34.58,19.46,27.65,61.03,51.87,89.87,80.93,84.46,74.99,43.87,43.73,11.53,23.28,20.18,34.24,27.5,31.0,29.34,16.73,18.09,5.32,2.8,4.62,3.68,5.06,1.77,3.79,3.87,6.58,10.65,7.56,3.79,5.6,4.03,2.03,2.69,2.39,3.86,4.54,3.69,5.82,7.82,2.52,138.39,78.32,40.6,21.6,92.9,13.1,169711.0,86714.0,13087.0,2980.0,3077.0,3.05,2.19,1.4,1.63,1.53,2.51,1.49,2.06,12.3,7.51,4.94,225.52,503444375.0,3538699264.0,7210605349.0,7627555239.0,869.0,130.0,5706556.06,-0.38,96.82
2020-06-01,8.6,7.8,1045.0,0.3,1.56,1106598.0,136713.0,23695.0,232682.0,143687.0,400064.0,536777.0,204651.0,729.0,25064.0,235345.0,141406.0,1174.0,9165.0,8371.0,18710.0,30236.0,9096.0,5.0,14503.0,4339.0,95465.0,40.84,29.34,17.71,21.2,19.64,33.82,18.99,27.26,62.03,52.77,90.97,80.47,84.98,76.24,44.43,45.17,12.83,23.7,20.57,34.64,27.93,31.41,29.81,16.83,17.76,5.53,2.9,4.03,3.76,4.63,1.71,3.53,3.6,5.18,8.81,5.84,2.99,5.3,4.02,2.0,2.63,2.35,3.66,4.28,4.4,5.75,7.54,2.7,118.15,69.35,25.5,28.1,81.5,13.6,169852.0,84051.0,13228.0,2983.0,3124.0,2.89,2.17,1.37,1.62,1.51,2.46,1.46,2.03,11.97,6.72,4.49,214.57,534044506.0,3633595533.0,7400929374.0,7832931679.0,1030.0,198.0,8672952.0,0.26,100.43
2020-07-01,8.5,7.7,1045.0,0.44,2.23,1118076.0,137208.0,24172.0,235014.0,145191.0,404377.0,541585.0,205767.0,700.0,24079.0,242219.0,150112.0,1158.0,10766.0,8475.0,20399.0,29848.0,10698.0,4.0,12161.0,3846.0,99949.0,39.76,28.67,17.21,20.45,19.04,32.64,18.88,27.87,61.93,54.73,95.1,80.1,87.36,76.19,44.67,45.43,12.3,24.15,22.2,34.88,28.48,31.84,30.21,17.17,17.48,5.8,3.06,4.05,3.97,5.39,1.7,3.98,3.99,4.83,7.73,5.48,2.37,5.12,4.0,2.14,2.61,2.42,3.62,3.96,4.58,5.88,7.37,2.7,129.88,69.7,41.6,61.3,75.4,14.1,169995.0,82725.0,13588.0,3029.0,3160.0,2.83,2.12,1.33,1.56,1.46,2.38,1.45,2.07,12.43,7.18,4.51,229.77,546432508.0,3718433395.0,7560493317.0,7957422496.0,1328.0,264.0,11131674.76,0.36,102.84
2020-08-01,8.3,7.5,1045.0,0.36,2.74,1135258.0,138042.0,24148.0,236118.0,147695.0,407961.0,546003.0,206746.0,671.0,23055.0,248715.0,153465.0,1071.0,10025.0,9548.0,20644.0,30863.0,10819.0,4.0,12433.0,3407.0,101539.0,38.94,28.78,17.04,20.47,18.94,29.96,18.88,26.61,61.29,56.1,90.8,80.97,85.28,74.49,45.03,42.57,12.17,24.28,22.27,34.99,29.11,32.13,30.43,16.85,17.17,5.9,3.1,3.96,3.9,4.95,1.77,3.74,3.85,4.8,7.66,5.47,2.21,4.88,4.02,2.36,2.64,2.56,3.61,3.65,4.51,5.81,6.82,2.21,137.79,66.49,36.3,39.3,68.9,14.8,170134.0,82590.0,14319.0,3092.0,3158.0,2.78,2.13,1.32,1.56,1.46,2.21,1.45,1.99,12.38,7.49,4.34,251.34,565320570.0,3757567018.0,7689525475.0,8097711101.0,1384.0,293.0,14379850.42,0.24,102.62
2020-09-01,8.0,7.3,1045.0,0.87,4.34,1153449.0,140888.0,24245.0,240762.0,148085.0,413093.0,553981.0,209218.0,644.0,22300.0,255224.0,160581.0,1210.0,11924.0,7425.0,20559.0,32867.0,11951.0,2.0,13513.0,3628.0,106073.0,38.08,30.09,16.18,20.31,18.45,29.43,18.56,26.47,61.09,53.4,89.83,78.4,83.65,73.68,45.13,44.87,11.73,27.49,22.38,36.99,31.89,34.33,32.08,26.2,15.25,5.92,3.06,3.74,3.79,3.85,1.75,3.09,3.33,4.69,7.39,5.39,2.03,4.66,4.04,2.84,2.59,2.82,3.58,3.48,4.53,5.57,6.31,2.08,142.03,64.0,27.8,22.4,60.8,14.9,170270.0,83439.0,14598.0,3082.0,3160.0,2.73,2.22,1.26,1.55,1.42,2.17,1.43,1.98,12.41,7.64,4.21,252.69,586004391.0,3842696583.0,7752745912.0,8229714368.0,1349.0,272.0,12182341.05,0.64,108.36
2020-10-01,8.0,7.3,1045.0,0.89,3.23,1175921.0,144465.0,24338.0,243553.0,155803.0,423695.0,568160.0,212215.0,614.0,22153.0,260369.0,168718.0,1198.0,9919.0,12273.0,23390.0,34214.0,12272.0,4.0,13904.0,3941.0,111963.0,38.98,30.0,16.56,21.77,19.21,31.68,18.88,23.04,61.49,53.27,90.3,82.8,85.54,74.55,45.43,43.43,11.2,24.04,22.44,34.66,28.31,31.61,29.89,16.86,15.09,5.98,3.1,3.6,3.29,2.95,1.62,2.48,2.86,4.92,7.59,5.5,2.04,4.53,4.06,3.2,2.48,2.98,3.67,3.26,4.68,5.67,5.88,1.76,148.62,63.01,83.9,90.2,60.7,14.6,170407.0,85284.0,14558.0,3087.0,3115.0,2.78,2.21,1.29,1.65,1.48,2.32,1.45,1.74,12.59,7.89,4.16,266.69,590278158.0,3892841631.0,7792807281.0,8289635769.0,1393.0,254.0,10637355.99,0.86,107.61
2020-11-01,7.8,7.1,1045.0,0.95,3.28,1210028.0,145058.0,24507.0,246482.0,162277.0,433266.0,578324.0,216055.0,587.0,22380.0,277747.0,179529.0,1257.0,9991.0,11099.0,22346.0,33412.0,12707.0,4.0,14194.0,4144.0,123298.0,37.92,28.27,15.87,21.48,18.64,31.61,18.97,23.95,61.14,54.4,88.67,81.1,84.0,73.59,45.8,43.03,12.23,25.0,22.53,36.78,30.02,33.44,31.39,17.08,14.79,6.01,3.02,3.47,3.29,2.85,1.56,2.39,2.77,5.02,7.51,5.31,1.73,4.3,4.1,3.14,2.4,2.92,3.6,3.13,4.61,5.53,4.85,1.6,146.84,59.75,181.4,182.7,66.0,14.4,170542.0,86573.0,14514.0,3133.0,3083.0,2.72,2.1,1.24,1.63,1.43,2.32,1.46,1.81,12.72,7.82,3.98,267.0,607517470.0,3922090546.0,7835982778.0,8343589906.0,1322.0,283.0,12170114.86,0.89,111.65
2020-12-01,7.3,6.8,1045.0,1.46,0.96,1230948.0,149324.0,24477.0,248289.0,166293.0,439059.0,588383.0,220259.0,560.0,22479.0,285657.0,181966.0,1018.0,9197.0,8702.0,18917.0,31301.0,13915.0,5.0,13657.0,4112.0,126016.0,36.83,29.63,15.99,20.93,18.6,30.2,19.2,24.7,61.33,54.13,89.67,80.13,84.15,73.58,46.03,40.3,12.0,24.98,22.59,35.61,30.62,33.0,31.14,17.19,14.55,6.06,3.14,3.24,3.1,2.67,1.51,2.25,2.61,4.78,7.23,5.14,1.59,4.17,4.16,3.03,2.36,2.84,3.41,3.05,4.59,5.47,4.49,1.53,148.89,57.81,168.1,172.0,91.1,14.2,170678.0,87225.0,14412.0,3368.0,3040.0,2.65,2.19,1.24,1.6,1.43,2.22,1.47,1.86,12.88,7.89,3.88,263.38,641107547.0,3998221163.0,8035557724.0,8446332255.0,958.0,188.0,8015543.08,1.35,111.71
2021-01-01,7.3,6.8,1100.0,0.27,2.58,1235757.0,152256.0,24691.0,251232.0,167114.0,443036.0,595293.0,221998.0,539.0,23048.0,278878.0,153596.0,1278.0,9373.0,4050.0,14701.0,24301.0,10355.0,4.0,16309.0,4303.0,112566.0,39.36,29.66,16.15,21.48,18.9,33.06,20.21,23.75,60.33,54.87,88.13,76.5,81.92,71.46,46.26,42.9,11.53,24.54,22.67,35.24,29.92,32.53,30.64,17.0,14.26,6.01,3.08,3.55,3.32,2.9,1.61,2.44,2.87,5.13,7.86,5.78,1.89,4.13,4.07,2.89,2.35,2.75,3.34,3.06,4.63,5.35,4.37,1.31,161.52,61.25,102.3,64.1,87.6,14.5,170813.0,87214.0,14744.0,3358.0,3024.0,2.8,2.19,1.26,1.63,1.45,2.41,1.55,1.79,12.92,8.34,4.06,291.18,590903600.0,3886076220.0,7988869455.0,8454294566.0,1350.0,343.0,14773864.59,0.25,116.09
2021-02-01,7.2,6.7,1100.0,0.82,2.53,1243450.0,156065.0,24922.0,253939.0,167935.0,446795.0,602860.0,223973.0,519.0,23878.0,275544.0,153793.0,1275.0,10308.0,4562.0,16145.0,26058.0,10932.0,5.0,15361.0,4711.0,109620.0,40.05,30.29,16.16,21.2,18.83,33.1,19.96,24.93,60.47,53.37,89.83,76.47,82.79,72.24,45.9,43.57,11.23,24.2,22.23,35.15,28.99,32.11,30.24,17.03,13.96,6.06,3.01,3.65,3.5,2.81,1.59,2.39,2.84,5.31,7.96,5.88,2.05,4.07,4.09,2.82,2.37,2.72,3.31,3.01,4.64,5.08,4.15,1.09,167.06,63.24,137.1,134.0,83.7,14.6,170949.0,87285.0,14932.0,3295.0,2993.0,2.85,2.23,1.26,1.62,1.45,2.41,1.53,1.87,12.86,8.53,4.17,311.65,587846663.0,3883410796.0,8004776613.0,8526838222.0,1635.0,368.0,16892481.96,0.86,116.23
2021-03-01,7.1,6.6,1100.0,0.86,2.94,1256662.0,161311.0,25116.0,257030.0,169271.0,451416.0,612728.0,224295.0,497.0,24787.0,277198.0,172379.0,1428.0,11613.0,5263.0,18304.0,31553.0,11186.0,4.0,17039.0,5475.0,120439.0,40.74,29.9,16.29,21.21,18.88,33.59,20.64,25.31,61.31,53.77,91.4,77.23,84.01,73.18,45.73,41.23,11.93,24.48,22.21,35.99,29.07,32.61,30.55,17.22,13.85,6.02,3.09,3.98,3.41,3.05,1.64,2.54,2.99,6.06,9.0,6.65,2.53,4.02,4.05,2.68,2.39,2.65,3.29,3.07,4.44,4.96,3.9,0.93,167.55,64.82,116.1,143.6,77.7,14.9,171084.0,87082.0,15257.0,3048.0,3005.0,2.89,2.2,1.27,1.62,1.45,2.44,1.58,1.9,13.05,8.55,4.25,328.22,593105306.0,3935393883.0,8062170326.0,8657345746.0,2356.0,502.0,23615745.66,0.93,112.9
2021-04-01,7.0,6.5,1100.0,0.38,1.51,1271802.0,164969.0,25476.0,261590.0,174113.0,461180.0,626149.0,225422.0,476.0,25544.0,279609.0,172562.0,1519.0,11420.0,9365.0,22304.0,34478.0,11058.0,4.0,17021.0,5172.0,120024.0,41.31,28.78,16.81,21.9,19.38,34.39,21.31,24.31,62.11,58.77,90.8,80.3,85.11,73.98,45.96,41.5,11.93,24.85,22.41,36.37,30.34,33.32,31.09,17.23,13.55,6.09,3.13,3.86,3.47,2.85,1.61,2.42,2.84,6.04,9.05,6.55,2.62,4.04,3.96,2.6,2.4,2.6,3.27,3.18,4.32,5.03,3.8,0.79,165.65,65.51,103.6,107.4,84.6,14.8,171217.0,87475.0,15189.0,3041.0,2968.0,2.92,2.13,1.3,1.66,1.49,2.49,1.62,1.83,13.06,8.48,4.29,332.2,598687912.0,3941404119.0,8132092713.0,8686640837.0,2038.0,463.0,21171663.86,0.31,104.95
2021-05-01,6.9,6.4,1100.0,0.96,4.1,1298804.0,168165.0,25803.0,266603.0,177339.0,469746.0,637911.0,226867.0,460.0,26216.0,293489.0,187839.0,1602.0,13054.0,9103.0,23759.0,36237.0,11703.0,6.0,16934.0,5101.0,130795.0,39.84,29.42,16.48,21.06,18.91,32.84,21.29,24.49,62.47,54.3,92.57,80.77,86.05,74.68,46.2,41.2,12.0,24.79,23.07,36.52,30.51,33.5,31.24,17.28,13.18,6.12,3.17,3.77,3.46,2.7,1.77,2.39,2.77,6.1,9.05,6.76,2.57,4.1,3.96,2.63,2.48,2.65,3.27,3.34,4.75,5.28,3.86,0.78,164.44,61.96,85.1,103.2,90.5,14.7,171352.0,88151.0,15225.0,3010.0,2960.0,2.83,2.17,1.28,1.61,1.45,2.39,1.62,1.84,12.92,8.44,4.1,335.87,602415023.0,3959086827.0,8217877065.0,8772215183.0,2062.0,389.0,18173809.32,0.83,105.9
2021-06-01,6.8,6.4,1100.0,0.6,0.6,1321114.0,172766.0,26868.0,270868.0,180065.0,477800.0,650567.0,229115.0,449.0,26587.0,301666.0,189609.0,1684.0,12519.0,8229.0,22432.0,36566.0,12581.0,6.0,16934.0,5106.0,131206.0,39.83,29.36,16.24,20.94,18.73,32.56,21.59,24.69,63.26,54.2,95.13,80.77,87.46,75.87,46.46,43.97,12.1,24.92,21.98,36.79,30.57,33.61,31.3,17.35,12.78,6.16,3.19,3.68,3.61,2.6,1.72,2.32,2.71,5.85,9.18,6.3,2.5,4.03,3.91,2.55,2.5,2.61,3.23,3.36,4.55,4.99,3.97,0.77,164.49,61.66,147.2,125.5,100.8,14.2,171485.0,89384.0,14832.0,2991.0,2912.0,2.83,2.17,1.26,1.6,1.44,2.38,1.64,1.86,12.91,8.44,4.08,323.94,636140891.0,4061317241.0,8345682829.0,8905135045.0,2195.0,415.0,18153909.31,0.53,107.32
2021-07-01,6.7,6.3,1100.0,1.02,0.78,1345441.0,177871.0,27452.0,274125.0,182519.0,484096.0,661967.0,229749.0,432.0,27037.0,311339.0,193690.0,1666.0,11477.0,8040.0,21183.0,36002.0,13128.0,5.0,17741.0,5181.0,136540.0,39.6,29.53,16.59,20.54,18.79,32.11,21.94,24.8,62.86,54.87,92.43,80.8,85.96,74.76,46.66,42.53,12.3,24.69,23.73,36.74,28.79,32.98,30.77,17.5,12.33,6.25,3.28,3.63,3.41,2.57,2.05,2.42,2.71,5.69,8.64,6.28,2.42,4.09,3.93,2.56,2.62,2.66,3.24,3.39,4.78,5.15,4.03,0.74,163.67,61.43,143.4,141.7,111.8,13.7,171620.0,90666.0,14407.0,2959.0,2894.0,2.82,2.18,1.29,1.57,1.45,2.35,1.67,1.86,12.95,8.41,4.07,340.69,645132915.0,4111578695.0,8447830940.0,9028343889.0,2275.0,514.0,24579994.12,0.96,110.98
2021-08-01,6.6,6.3,1100.0,0.88,0.66,1377949.0,185546.0,28063.0,279205.0,184540.0,491808.0,677354.0,232817.0,430.0,27952.0,323009.0,205784.0,1793.0,12092.0,8147.0,22033.0,38325.0,13319.0,8.0,18533.0,5588.0,144823.0,40.48,29.82,16.73,20.43,18.84,33.15,22.65,24.45,62.13,53.37,91.0,80.1,84.81,73.59,46.73,47.37,12.53,24.93,23.43,37.02,29.62,33.45,31.03,17.65,11.74,6.21,3.25,3.6,3.48,2.45,1.54,2.17,2.62,5.73,8.68,6.37,2.45,4.13,3.96,2.56,2.78,2.72,3.32,3.4,4.19,5.24,4.12,0.69,163.62,61.83,88.9,146.5,114.7,13.1,171753.0,91725.0,13874.0,2905.0,2853.0,2.87,2.2,1.3,1.56,1.45,2.41,1.72,1.84,13.04,8.41,4.09,352.27,636970352.0,4150515916.0,8531334851.0,9164711643.0,1921.0,401.0,20013022.49,0.87,111.99
2021-09-01,6.2,6.0,1100.0,1.2,-0.64,1409288.0,193060.0,27959.0,283807.0,186893.0,498658.0,691718.0,235406.0,415.0,29047.0,333511.0,202391.0,1626.0,10880.0,7976.0,20482.0,36892.0,12141.0,7.0,20253.0,5948.0,146280.0,41.2,30.82,16.96,20.45,19.02,33.05,23.9,25.24,62.22,52.27,90.17,79.4,84.05,73.12,46.93,43.7,12.4,26.16,23.7,37.18,29.64,33.58,31.04,22.93,11.63,6.27,3.32,3.72,3.46,2.43,1.58,2.17,2.68,5.88,8.71,6.43,2.74,4.21,4.04,2.45,2.79,2.67,3.28,3.42,3.81,5.57,4.65,0.71,168.66,63.31,203.1,168.9,127.0,12.6,171886.0,92976.0,13453.0,2856.0,2801.0,2.92,2.26,1.31,1.56,1.46,2.41,1.8,1.89,13.11,8.58,4.17,360.47,629638197.0,4195671424.0,8583398277.0,9280648380.0,1213.0,226.0,11793470.34,1.16,114.66
2021-10-01,6.2,6.0,1100.0,,0.64,1443998.0,201717.0,28500.0,286825.0,188719.0,504045.0,705762.0,238160.0,401.0,30396.0,348886.0,202380.0,1600.0,9226.0,7350.0,18176.0,33670.0,11747.0,6.0,21536.0,6113.0,150283.0,43.15,32.37,17.86,20.57,19.65,35.4,24.81,26.52,61.78,52.0,90.57,79.43,84.27,72.67,47.19,42.3,12.03,26.38,23.74,36.77,28.6,32.95,30.44,25.69,11.5,6.31,3.35,3.82,3.49,2.24,1.5,2.04,2.63,6.41,9.13,6.87,2.97,4.23,4.04,2.29,2.69,2.54,3.21,3.51,3.78,5.69,4.81,0.76,172.62,64.62,160.1,190.0,133.4,12.1,172019.0,93958.0,12906.0,2817.0,2761.0,3.03,2.36,1.38,1.57,1.51,2.56,1.86,1.98,13.19,8.72,4.24,401.15,619047658.0,4177585149.0,8561880135.0,9333664154.0,870.0,114.0,6308413.69,1.25,109.37
2021-11-01,6.1,5.9,1100.0,0.84,0.02,1488278.0,205588.0,28893.0,290069.0,190966.0,509928.0,715516.0,238809.0,387.0,31790.0,378865.0,223990.0,1434.0,8536.0,7163.0,17133.0,32606.0,11432.0,4.0,23468.0,6629.0,171998.0,44.35,32.9,18.43,21.29,20.29,36.31,27.45,30.08,61.05,50.33,90.53,79.13,84.02,71.9,47.36,41.67,12.4,26.03,23.76,37.14,29.35,33.44,30.77,23.4,11.14,6.12,3.23,4.04,3.65,2.58,1.59,2.27,2.87,6.81,9.24,7.05,3.04,4.27,4.1,2.29,2.78,2.58,3.2,3.67,3.93,6.03,4.75,0.81,167.44,63.02,151.3,169.7,132.6,11.6,172151.0,94930.0,12405.0,2868.0,2730.0,3.11,2.4,1.42,1.62,1.55,2.61,2.04,2.22,13.22,8.54,4.16,399.81,623268166.0,4187267597.0,8691065342.0,9428615562.0,608.0,84.0,4368805.73,0.95,109.35
2021-12-01,6.1,5.9,1100.0,0.73,0.87,1513945.0,210670.0,29171.0,292039.0,192417.0,513626.0,724296.0,241221.0,378.0,32683.0,392737.0,224634.0,1195.0,7478.0,5883.0,14555.0,29374.0,12443.0,4.0,23796.0,6850.0,176134.0,45.02,34.47,19.2,22.85,21.41,37.6,26.79,29.35,61.62,52.2,91.77,78.67,84.63,72.31,47.36,44.1,12.03,26.17,22.92,37.29,29.2,33.43,30.88,23.41,15.22,6.16,3.33,3.86,3.66,2.25,1.39,2.01,2.63,6.64,8.64,6.76,3.0,4.37,4.49,2.3,2.84,2.63,3.3,3.76,3.61,6.08,4.98,0.78,168.41,63.56,91.3,110.1,115.0,11.1,172283.0,95747.0,12011.0,3125.0,2708.0,3.15,2.5,1.47,1.73,1.63,2.7,2.0,2.17,13.3,8.58,4.19,396.96,653420212.0,4320167468.0,8814965194.0,9555234492.0,411.0,71.0,4025548.58,0.73,112.0
2022-01-01,6.2,6.0,1212.0,0.67,1.82,1528392.0,218204.0,29577.0,293009.0,192078.0,514663.0,732867.0,242448.0,362.0,34014.0,392650.0,200482.0,1255.0,5699.0,2575.0,9528.0,27167.0,10507.0,3.0,25799.0,6890.0,159825.0,46.34,35.47,20.27,25.52,23.09,37.72,26.87,29.41,60.5,49.93,87.67,73.87,80.36,70.34,47.63,43.4,11.8,26.35,23.83,37.46,30.17,33.95,31.59,22.85,10.47,6.19,3.29,4.21,3.6,2.56,1.4,2.19,2.89,7.12,9.24,7.44,3.33,4.63,4.86,2.31,2.88,2.67,3.43,3.97,3.79,6.07,5.46,0.84,172.46,67.56,98.7,111.5,113.9,11.2,172414.0,95428.0,12048.0,3138.0,2736.0,3.22,2.56,1.55,1.91,1.75,2.7,2.0,2.17,13.27,8.71,4.4,408.84,599753042.0,4206294859.0,8711765800.0,9488551951.0,403.0,53.0,2893682.11,0.54,108.35
2022-02-01,6.2,6.0,1212.0,1.0,1.83,1537422.0,222083.0,29728.0,295027.0,191573.0,516328.0,738411.0,244050.0,357.0,35751.0,393973.0,187146.0,1227.0,6758.0,2995.0,10980.0,24792.0,10357.0,4.0,23018.0,7009.0,149229.0,48.13,36.16,20.4,24.84,22.94,38.76,26.46,29.09,59.88,49.83,88.3,74.5,80.96,70.02,47.43,45.07,11.9,26.31,23.58,37.36,31.41,34.37,31.55,23.23,10.12,6.36,3.24,4.18,3.62,2.56,1.37,2.18,2.9,6.74,9.48,7.26,3.35,4.72,4.67,2.27,2.91,2.65,3.44,4.05,3.55,6.03,5.77,0.92,174.32,73.18,175.0,158.6,115.0,11.2,172546.0,95234.0,12016.0,3092.0,2743.0,3.33,2.61,1.56,1.87,1.74,2.77,1.98,2.15,13.46,8.77,4.68,405.63,604776930.0,4270965320.0,8734415003.0,9603103276.0,423.0,57.0,3955659.53,1.01,104.05
2022-03-01,6.3,6.1,1212.0,1.71,1.74,1568664.0,227149.0,29893.0,297836.0,193930.0,521659.0,748808.0,244930.0,349.0,37865.0,411397.0,230064.0,1421.0,7490.0,5803.0,14714.0,30494.0,11750.0,9.0,29031.0,8734.0,183962.0,49.55,36.59,20.53,26.26,23.57,40.67,27.15,19.88,60.37,49.43,87.8,78.47,82.17,70.43,47.09,39.47,12.03,26.92,23.59,37.68,31.27,34.5,31.62,25.63,9.66,6.11,3.34,4.53,3.65,2.71,1.32,2.25,3.05,7.67,9.64,8.08,3.68,4.85,4.71,2.22,2.83,2.59,3.53,4.25,3.94,6.16,5.84,1.02,172.49,73.63,136.6,183.4,116.6,11.1,172678.0,95275.0,11949.0,2856.0,2757.0,3.41,2.63,1.57,1.96,1.78,2.88,2.02,1.52,13.54,8.71,4.71,423.39,602964529.0,4370943102.0,9031763011.0,9864187068.0,368.0,51.0,2515509.92,1.62,105.12
2022-04-01,6.4,6.2,1212.0,1.04,1.41,1597130.0,230301.0,30287.0,301059.0,204059.0,535405.0,765706.0,245423.0,351.0,39199.0,419598.0,223322.0,1346.0,7138.0,13355.0,21839.0,36316.0,10565.0,9.0,26936.0,7826.0,172923.0,49.91,36.81,20.91,26.93,24.08,40.03,27.23,23.43,61.15,49.73,90.73,80.9,84.76,71.5,47.12,46.77,11.8,26.63,23.54,36.96,30.84,33.87,31.2,25.18,9.75,6.1,3.33,4.4,3.83,2.46,1.19,2.05,2.85,7.76,9.84,7.94,3.56,5.04,4.71,2.22,2.67,2.54,3.54,4.47,3.61,6.38,6.3,0.99,175.49,76.27,83.4,140.0,114.2,10.5,172807.0,96512.0,11349.0,2867.0,2747.0,3.43,2.65,1.59,2.01,1.81,2.85,2.03,1.77,13.64,8.81,4.84,418.63,610803461.0,4437056510.0,9092619604.0,9937518162.0,388.0,57.0,4048493.4,1.06,104.35
2022-05-01,6.4,6.1,1212.0,0.45,0.52,1628537.0,234183.0,30676.0,304191.0,208836.0,543703.0,777885.0,246673.0,347.0,40116.0,435267.0,239059.0,1455.0,8119.0,8503.0,18078.0,33614.0,12209.0,21.0,26857.0,8323.0,187025.0,50.41,36.81,21.09,26.74,24.13,40.57,27.15,25.76,61.88,50.0,92.87,79.77,85.47,72.51,46.93,40.57,12.17,26.97,23.55,37.78,31.14,34.43,31.62,25.19,9.17,6.34,3.52,4.43,3.93,2.46,1.09,2.01,2.82,7.67,9.44,8.01,3.48,5.26,4.84,2.27,2.62,2.55,3.68,4.77,3.84,6.03,6.55,1.1,172.73,76.62,87.6,87.3,114.4,9.8,172938.0,97516.0,10631.0,2890.0,2758.0,3.46,2.65,1.61,1.99,1.82,2.88,2.02,1.93,13.74,8.72,4.85,432.11,602960596.0,4528401923.0,9186556753.0,10060371988.0,394.0,51.0,3643066.86,0.47,105.87
2022-06-01,6.4,6.2,1212.0,0.62,0.59,1649207.0,237065.0,31173.0,306296.0,211707.0,549177.0,786241.0,247822.0,338.0,41332.0,442076.0,227180.0,1524.0,6631.0,7191.0,15346.0,30556.0,11584.0,1.0,27689.0,8113.0,181131.0,51.51,36.22,22.35,26.34,24.65,41.27,27.43,30.59,61.16,51.17,91.23,78.93,84.27,71.79,46.66,45.03,12.2,27.18,23.68,37.8,31.74,34.67,31.85,25.06,8.8,6.38,3.49,4.33,3.95,2.59,1.07,2.08,2.85,7.54,8.52,8.13,3.48,5.24,4.52,2.23,2.43,2.44,3.68,4.79,4.46,6.46,6.59,1.09,173.19,78.69,31.9,38.6,101.1,9.3,173068.0,98269.0,10080.0,2923.0,2775.0,3.52,2.61,1.7,1.97,1.85,2.92,2.04,2.25,13.77,8.74,4.96,428.02,609435478.0,4627983191.0,9257217628.0,10144119722.0,342.0,44.0,3128895.42,0.67,103.6
2022-07-01,6.7,6.4,1212.0,-0.6,0.21,1669791.0,239494.0,31658.0,309350.0,214350.0,555358.0,794852.0,248623.0,330.0,42645.0,449609.0,227425.0,1511.0,8436.0,6724.0,16670.0,30795.0,10935.0,8.0,27962.0,8197.0,183415.0,53.36,36.91,22.95,26.26,24.99,41.22,27.64,31.85,63.94,50.8,102.9,77.43,90.05,76.27,46.76,35.04,12.37,27.01,23.58,37.43,31.2,34.24,31.64,24.71,8.48,6.39,3.54,4.33,4.04,2.4,1.17,2.02,2.81,7.56,7.86,8.19,3.56,5.47,4.36,2.2,2.49,2.44,3.78,4.95,3.93,7.03,7.04,1.1,181.7,85.21,83.1,120.7,98.6,9.1,173198.0,98666.0,9882.0,2952.0,2807.0,3.63,2.65,1.74,1.96,1.88,2.92,2.05,2.33,14.26,9.01,5.27,417.62,603734003.0,4689343288.0,9236804120.0,10177549496.0,371.0,60.0,4481764.73,-0.68,105.58
2022-08-01,6.6,6.4,1212.0,,-0.7,1694665.0,241682.0,32540.0,310709.0,216587.0,559835.0,801517.0,250948.0,313.0,42884.0,458992.0,243934.0,1687.0,9566.0,6878.0,18130.0,33691.0,12577.0,1.0,29108.0,8461.0,192829.0,54.02,37.41,22.82,26.53,25.07,40.99,27.42,18.53,63.32,51.33,98.1,76.83,87.14,74.95,46.92,39.27,12.23,27.39,22.46,38.1,31.47,34.64,32.02,24.93,7.46,6.44,3.53,4.35,4.08,2.22,1.09,1.89,2.75,7.54,7.7,8.57,3.72,5.62,5.26,2.13,2.26,2.36,3.84,5.1,4.1,6.33,7.25,1.24,186.84,87.7,153.6,154.9,100.8,8.9,173328.0,99013.0,9694.0,2977.0,2834.0,3.66,2.68,1.73,1.98,1.88,2.9,2.04,1.43,14.35,9.18,5.39,414.63,603313056.0,4778941120.0,9502994255.0,10381807860.0,423.0,81.0,5237827.46,-0.36,106.76
2022-09-01,6.6,6.4,1212.0,-0.32,-0.95,1711737.0,244167.0,32830.0,314219.0,218503.0,565552.0,809720.0,252668.0,302.0,44313.0,462066.0,236630.0,1572.0,8453.0,6863.0,16888.0,32004.0,11922.0,0.0,31529.0,8891.0,191878.0,53.82,37.46,23.18,26.75,25.36,40.21,27.1,22.78,62.64,50.57,94.63,77.77,85.55,73.35,47.09,35.43,14.3,27.36,22.42,38.22,31.33,34.65,32.04,24.87,14.99,6.64,3.57,4.29,4.01,2.21,0.97,1.84,2.68,7.41,7.27,8.65,3.78,5.69,5.22,2.08,1.96,2.22,3.79,5.18,4.1,6.9,7.55,1.32,185.55,89.23,74.9,96.4,95.9,8.7,173457.0,99269.0,9460.0,2995.0,2872.0,3.65,2.69,1.75,2.0,1.9,2.86,2.02,1.72,14.18,9.14,5.46,408.91,606755327.0,4860082436.0,9595062884.0,10475858204.0,453.0,77.0,5159937.55,-0.29,111.46
2022-10-01,6.8,6.6,1212.0,0.47,-0.97,1744052.0,247144.0,41147.0,318056.0,221477.0,580680.0,827824.0,254301.0,295.0,45910.0,471187.0,244752.0,9478.0,8328.0,6828.0,24634.0,38620.0,11589.0,1.0,30961.0,8968.0,193374.0,56.57,46.79,26.28,26.91,27.67,42.35,27.2,23.22,59.14,51.27,80.43,78.2,77.92,68.08,47.12,27.4,13.47,26.78,22.58,35.9,31.39,33.25,31.08,24.14,14.94,6.7,3.62,4.32,3.4,2.23,1.03,1.86,2.67,7.69,7.15,8.74,3.74,5.8,4.24,2.04,1.98,2.17,3.78,5.35,4.1,7.43,7.8,1.4,184.98,94.88,105.6,107.6,93.4,8.3,173587.0,99661.0,9022.0,3019.0,2895.0,3.81,3.25,1.96,2.01,2.06,2.99,2.03,1.76,14.53,9.12,5.72,394.52,594572665.0,4865558637.0,9513988858.0,10469645139.0,431.0,91.0,7137263.19,0.59,114.23
2022-11-01,6.8,6.5,1212.0,0.38,-0.56,1768115.0,248657.0,41552.0,318060.0,224606.0,584217.0,832874.0,256495.0,284.0,46570.0,487188.0,251249.0,3968.0,7184.0,7435.0,18587.0,32064.0,11617.0,1.0,31492.0,9012.0,206024.0,57.28,44.45,23.8,26.93,26.24,41.95,27.65,19.88,61.08,54.23,89.57,78.33,83.08,71.99,46.86,31.37,12.67,26.98,19.91,38.08,31.3,34.2,31.85,24.18,15.01,6.8,3.62,4.46,3.29,2.43,0.99,1.94,2.78,7.92,7.14,9.06,3.79,5.81,4.24,2.02,1.97,2.16,3.81,5.49,3.76,7.35,7.77,1.66,180.66,98.66,70.3,83.7,89.2,8.1,173715.0,99693.0,8741.0,3136.0,2924.0,3.85,3.11,1.8,2.01,1.96,2.96,2.06,1.52,14.28,8.98,5.89,399.49,606868801.0,4960885500.0,9618776990.0,10618431343.0,307.0,46.0,3499967.65,0.41,116.79
2022-12-01,7.1,6.8,1212.0,0.69,0.45,1778288.0,250006.0,41596.0,321347.0,224883.0,587826.0,837832.0,258433.0,277.0,46819.0,495313.0,251291.0,1290.0,6201.0,6270.0,13761.0,28684.0,12034.0,1.0,30191.0,9227.0,208397.0,55.66,39.25,24.54,27.05,26.51,40.92,28.68,11.52,62.25,50.2,90.37,77.63,82.65,73.49,46.59,28.53,12.27,26.3,19.73,36.89,28.78,32.57,30.82,24.07,14.99,6.78,3.69,4.25,3.6,2.27,0.97,1.86,2.69,7.44,6.5,8.63,3.48,5.91,4.48,2.04,2.0,2.2,3.86,5.4,3.35,7.9,7.89,1.51,181.44,93.87,91.7,140.8,89.2,7.9,173844.0,99370.0,8572.0,3386.0,2930.0,3.76,2.8,1.85,2.02,1.98,2.9,2.12,0.91,14.58,9.01,5.67,390.76,645798347.0,5105452217.0,9687094657.0,10709515205.0,222.0,33.0,2083586.25,0.62,122.84
2023-01-01,7.3,7.0,1302.0,0.46,0.21,1799085.0,253435.0,41807.0,324722.0,230516.0,597045.0,850480.0,260316.0,297.0,48186.0,496886.0,242828.0,1614.0,8816.0,9243.0,19672.0,34279.0,11602.0,1.0,31959.0,9542.0,196846.0,56.91,39.32,24.42,27.7,26.71,41.65,29.05,19.32,61.6,49.03,90.27,79.27,83.17,72.99,46.69,44.18,12.67,27.24,19.64,37.94,31.12,34.04,32.31,24.67,13.29,6.84,3.72,4.53,3.81,2.63,0.99,2.08,2.97,7.73,5.9,9.19,3.56,6.1,4.67,2.11,2.01,2.25,3.92,5.53,3.07,8.58,8.22,1.63,183.12,96.1,109.9,103.9,89.2,8.4,173972.0,98636.0,8995.0,3400.0,2943.0,3.83,2.8,1.84,2.06,1.99,2.94,2.15,1.48,14.65,9.06,5.77,380.67,595517983.0,5034001567.0,9649836121.0,10729241619.0,461.0,76.0,5921976.41,0.53,125.38
2023-02-01,7.5,7.2,1302.0,,-0.06,1800193.0,254496.0,41579.0,327868.0,233105.0,602552.0,857049.0,260637.0,256.0,49336.0,488716.0,218186.0,1377.0,7436.0,6530.0,15343.0,27492.0,9954.0,1.0,30505.0,9300.0,181888.0,58.54,39.65,24.5,27.47,26.67,42.23,28.96,27.69,60.92,47.93,90.67,77.47,82.61,71.82,46.09,32.0,11.77,27.01,19.59,37.9,31.12,34.03,31.94,24.79,14.76,6.57,3.48,4.51,4.03,2.67,0.95,2.1,2.94,7.82,6.61,9.25,3.58,6.12,4.28,2.07,1.99,2.19,3.84,5.6,3.48,9.11,8.54,1.73,191.83,102.42,104.1,99.1,87.6,8.6,174100.0,98122.0,9224.0,3312.0,2945.0,3.91,2.82,1.84,2.04,1.99,2.98,2.14,2.06,14.74,9.34,6.05,374.72,599821499.0,5094021240.0,9732516870.0,10819964725.0,280.0,46.0,3488839.08,0.84,128.78
2023-03-01,7.4,7.2,1302.0,0.64,0.05,1815093.0,253549.0,41748.0,329350.0,234526.0,605624.0,859173.0,262887.0,254.0,62381.0,499976.0,252192.0,1554.0,8454.0,3922.0,13930.0,29158.0,13067.0,0.0,30772.0,10937.0,207403.0,58.61,39.29,24.75,26.39,26.35,42.17,28.58,25.05,60.34,48.4,89.67,76.4,81.68,71.06,45.99,39.67,11.87,26.86,19.3,37.89,29.95,33.53,31.67,24.82,14.69,6.22,4.1,4.63,3.98,2.86,0.93,2.19,2.97,7.95,6.01,7.92,3.79,6.05,4.22,2.01,1.89,2.12,3.77,5.46,3.27,7.81,8.48,1.94,193.16,102.41,80.9,90.5,83.9,8.8,174228.0,97825.0,9432.0,3085.0,2953.0,3.92,2.8,1.86,1.97,1.97,2.98,2.12,1.88,14.97,9.38,6.05,364.06,600411789.0,5227111932.0,9926239857.0,11004070457.0,370.0,62.0,4548217.75,0.71,127.42
2023-04-01,7.6,7.3,1302.0,0.53,-0.95,1823907.0,258477.0,41663.0,331489.0,236710.0,609863.0,868340.0,264473.0,249.0,63235.0,497426.0,227114.0,1387.0,6991.0,5150.0,13528.0,26062.0,10451.0,1.0,29622.0,9878.0,189886.0,59.6,39.16,24.63,25.48,25.91,43.07,28.46,29.85,60.37,49.67,92.07,75.1,82.55,71.64,45.89,31.37,12.67,26.93,19.3,37.06,29.97,33.1,31.68,24.55,14.68,8.47,5.47,4.5,4.05,2.73,0.94,2.12,2.84,7.88,5.49,7.92,3.61,6.2,4.44,2.01,1.93,2.15,3.8,5.5,3.12,8.13,8.77,2.03,200.54,104.57,42.5,42.9,80.1,8.5,174353.0,98031.0,9095.0,3060.0,2940.0,3.97,2.79,1.85,1.91,1.94,3.03,2.11,2.2,15.22,9.6,6.15,362.44,601348363.0,5256116447.0,10004442349.0,11083646404.0,219.0,42.0,3129676.04,0.61,125.1
2023-05-01,7.7,7.3,1320.0,0.36,-1.84,1847884.0,261365.0,41590.0,333570.0,237732.0,612892.0,874257.0,266885.0,237.0,64548.0,509594.0,256199.0,1704.0,7982.0,5462.0,15148.0,29922.0,12677.0,1.0,29644.0,10876.0,207630.0,59.87,38.99,24.6,25.33,25.81,42.85,28.08,32.15,60.89,50.6,91.6,76.87,83.07,71.85,45.92,31.43,13.43,27.11,20.56,37.69,30.57,33.77,31.83,24.73,14.51,8.21,5.42,4.55,4.19,2.72,0.84,2.09,2.85,7.85,5.4,8.02,3.7,6.29,4.64,2.02,1.82,2.12,3.78,5.65,2.56,8.74,8.77,2.19,194.2,105.99,99.2,108.0,80.7,8.3,174481.0,98400.0,8945.0,3058.0,2937.0,3.99,2.78,1.85,1.9,1.93,3.02,2.08,2.35,15.33,9.41,6.21,345.47,588530231.0,5332968713.0,10033043466.0,11120818837.0,278.0,62.0,4488398.73,0.23,122.22
2023-06-01,7.6,7.3,1320.0,-0.1,-1.93,1837826.0,257222.0,41590.0,334672.0,233285.0,609547.0,866769.0,268828.0,227.0,58167.0,505228.0,246634.0,1582.0,7370.0,4322.0,13273.0,27229.0,12703.0,1.0,30361.0,10444.0,204093.0,59.05,38.94,24.99,25.09,25.92,42.75,26.81,31.62,60.88,49.73,91.07,77.0,82.86,71.71,45.96,27.7,13.3,27.03,19.3,37.02,30.49,33.32,31.55,24.82,14.44,9.09,5.43,4.34,3.96,2.61,0.91,2.05,2.72,7.63,4.91,8.45,3.41,6.3,4.67,2.22,1.93,2.28,3.86,5.51,2.36,9.94,8.67,2.22,196.07,103.96,112.9,79.5,90.0,8.0,174607.0,98910.0,8647.0,3063.0,2948.0,3.94,2.78,1.88,1.88,1.94,3.01,2.0,2.32,15.01,9.47,6.12,342.8,597802820.0,5433487431.0,10228434344.0,11248260033.0,284.0,49.0,2885631.03,-0.08,125.27
2023-07-01,7.7,7.3,1320.0,-0.09,-0.72,1846418.0,256427.0,41524.0,336040.0,232709.0,610273.0,866700.0,270968.0,215.0,58584.0,512013.0,248075.0,1538.0,7381.0,4801.0,13720.0,27460.0,13259.0,0.0,28225.0,10084.0,203700.0,58.25,38.54,24.24,24.76,25.35,42.57,26.06,0.0,61.26,50.6,93.97,77.2,84.61,73.02,45.92,0.0,12.33,27.3,19.26,37.56,30.41,33.6,31.82,24.94,14.2,9.08,5.51,4.25,3.74,2.74,1.09,2.18,2.76,7.61,4.8,8.31,3.15,6.18,4.65,2.14,1.93,2.23,3.77,5.45,2.26,10.33,8.54,2.23,198.2,101.94,177.7,111.1,94.2,7.9,174734.0,99344.0,8520.0,3088.0,2965.0,3.9,2.75,1.83,1.86,1.9,3.0,1.95,0.0,15.11,9.53,6.03,349.1,595150194.0,5480967355.0,10337936158.0,11310427028.0,418.0,96.0,6451703.29,0.12,124.46
2023-08-01,7.7,7.3,1320.0,0.2,-0.14,1868557.0,260119.0,41801.0,339186.0,234117.0,615104.0,875223.0,274921.0,247.0,59380.0,516718.0,262382.0,1648.0,9201.0,6645.0,17495.0,33247.0,14493.0,0.0,28540.0,10818.0,210342.0,57.81,38.3,23.84,24.09,24.86,42.21,26.18,19.77,61.38,50.37,93.13,77.13,84.13,73.14,45.86,60.9,12.2,27.58,19.24,37.65,30.4,33.66,32.22,25.04,11.68,9.24,5.64,4.22,4.79,2.53,1.04,2.12,2.7,7.34,3.75,8.45,3.35,6.07,5.1,2.11,1.85,2.21,3.66,5.39,1.87,10.46,8.43,2.3,194.58,101.48,130.1,123.5,94.7,7.8,174859.0,99654.0,8411.0,3121.0,2973.0,3.88,2.74,1.8,1.81,1.87,2.98,1.96,1.51,15.19,9.42,6.01,359.08,597125913.0,5581019740.0,10480749668.0,11434014798.0,523.0,115.0,7952164.77,0.23,131.02
2023-09-01,7.5,7.2,1320.0,0.11,0.37,1870552.0,261197.0,41792.0,340931.0,236849.0,619571.0,880768.0,278043.0,223.0,57535.0,509371.0,249716.0,1505.0,8546.0,8427.0,18477.0,33385.0,13191.0,4.0,29588.0,12457.0,203385.0,57.33,38.07,23.5,24.39,24.77,41.85,25.95,19.9,60.99,50.53,91.07,78.43,83.53,72.37,45.96,49.97,16.87,27.23,19.34,37.07,29.86,33.14,31.54,24.9,13.92,9.84,5.94,4.1,5.03,2.5,1.04,2.12,2.68,7.2,3.69,8.88,3.15,5.93,6.12,2.06,1.83,2.25,3.59,5.31,1.81,10.81,8.31,2.24,193.79,101.29,85.8,94.0,94.8,7.7,174983.0,99838.0,8316.0,3114.0,3003.0,3.85,2.72,1.77,1.84,1.86,2.96,1.94,1.52,15.11,9.4,6.0,372.47,593557239.0,5643662354.0,10561766859.0,11609907471.0,508.0,124.0,8654692.26,0.26,132.64
2023-10-01,7.6,7.2,1320.0,,0.5,1887368.0,264564.0,41532.0,342830.0,239757.0,624120.0,888684.0,281677.0,213.0,63422.0,514973.0,266872.0,1616.0,8112.0,8873.0,18601.0,33816.0,14504.0,2.0,29768.0,11907.0,214093.0,56.08,37.36,23.26,24.26,24.54,41.2,26.19,19.7,60.69,50.87,90.37,77.5,82.8,71.99,45.93,55.97,12.83,27.74,19.57,37.14,30.68,33.53,32.13,25.25,13.57,9.5,6.48,4.27,5.34,2.7,1.15,2.28,2.88,7.48,3.83,8.25,3.1,5.9,6.32,2.17,1.82,2.31,3.59,5.3,1.39,10.0,8.16,2.28,195.93,97.83,132.0,100.1,95.9,7.6,175107.0,100206.0,8259.0,3126.0,3013.0,3.78,2.68,1.76,1.83,1.85,2.92,1.96,1.51,15.18,9.46,5.85,376.14,586994901.0,5689464310.0,10592400218.0,11683681543.0,833.0,182.0,14769440.07,0.24,132.75
2023-11-01,7.4,7.1,1320.0,0.1,0.59,1912104.0,266737.0,41854.0,340400.0,242927.0,625182.0,891919.0,282903.0,204.0,66856.0,535292.0,277270.0,1555.0,7876.0,8208.0,17638.0,33150.0,15080.0,0.0,33032.0,12415.0,229876.0,55.05,37.26,23.15,24.19,24.44,42.32,25.98,15.29,60.4,52.07,90.83,77.97,83.3,71.76,46.09,29.9,12.63,27.86,19.49,37.62,30.78,33.79,32.19,25.4,13.52,9.36,6.44,4.27,6.17,2.9,1.0,2.38,2.92,7.42,3.66,8.1,3.12,5.76,6.63,2.18,1.83,2.34,3.53,5.37,1.38,9.63,7.55,2.23,195.69,91.51,153.2,170.8,100.9,7.5,175229.0,100508.0,8202.0,3218.0,3039.0,3.72,2.67,1.75,1.82,1.84,2.98,1.94,1.19,15.0,9.46,5.56,356.99,605934378.0,5758583696.0,10715736212.0,11799648265.0,758.0,171.0,11582560.44,0.28,129.74
2023-12-01,7.2,6.8,1320.0,0.55,0.74,1923696.0,265344.0,41355.0,345993.0,238619.0,625967.0,891312.0,289392.0,201.0,65992.0,542065.0,271993.0,1217.0,6547.0,7208.0,14972.0,29348.0,16398.0,0.0,28975.0,11865.0,225294.0,54.23,38.12,23.47,23.62,24.43,42.2,25.52,0.01,60.66,52.4,92.47,78.0,84.26,72.86,46.13,25.23,12.13,27.9,19.52,37.28,30.55,33.58,32.17,25.3,13.28,8.9,6.18,4.02,5.72,2.51,0.97,2.13,2.67,7.01,3.53,8.21,2.99,5.58,6.77,2.09,1.85,2.31,3.47,5.19,1.3,10.09,7.41,2.31,196.91,89.75,89.7,118.4,99.5,7.4,175352.0,100985.0,8082.0,3523.0,3025.0,3.68,2.73,1.77,1.78,1.84,2.98,1.91,0.0,15.13,9.49,5.48,342.77,644359232.0,5904635775.0,10848434217.0,11939585295.0,464.0,87.0,5288754.99,0.56,133.46
2024-01-01,7.2,6.9,1412.0,0.57,0.07,1948618.0,275475.0,41452.0,347482.0,245196.0,634130.0,909605.0,293737.0,160.0,67872.0,544009.0,282282.0,1565.0,8261.0,11102.0,20928.0,39127.0,16385.0,1.0,31024.0,12932.0,225391.0,52.56,38.48,23.22,23.54,24.28,41.17,26.07,26.4,59.91,50.93,90.43,77.23,82.81,72.0,46.36,36.53,11.4,28.56,19.48,37.94,33.44,35.07,33.25,25.59,13.65,8.88,6.24,4.16,5.89,2.62,0.95,2.19,2.79,7.13,2.23,8.39,3.03,5.54,7.15,2.09,1.78,2.3,3.44,5.14,0.43,9.78,7.26,2.82,188.44,84.63,110.5,116.3,99.8,7.6,175474.0,100593.0,8292.0,3555.0,3058.0,3.58,2.75,1.76,1.78,1.83,2.91,1.95,1.97,14.71,9.23,5.24,345.47,597775972.0,5841201208.0,10883952756.0,11974398343.0,1318.0,268.0,17856371.5,0.42,133.25
2024-02-01,7.2,6.9,1412.0,0.81,-0.52,1954939.0,280755.0,41068.0,349387.0,250176.0,640630.0,921385.0,297212.0,162.0,69852.0,533793.0,257761.0,1478.0,8075.0,9496.0,19049.0,35998.0,14721.0,0.0,31078.0,12777.0,208965.0,52.66,38.65,22.9,22.83,23.82,41.38,25.85,0.0,59.87,49.8,92.73,77.23,83.94,71.76,46.06,0.0,12.53,27.96,19.59,37.79,30.86,33.96,32.34,25.61,14.01,8.61,6.05,4.24,5.82,2.99,0.89,2.35,2.89,7.19,0.75,8.16,3.1,5.49,7.12,2.06,1.77,2.27,3.38,5.01,0.37,9.64,7.32,2.81,188.86,85.41,210.5,164.9,105.6,7.8,175597.0,100250.0,8535.0,3451.0,3071.0,3.59,2.76,1.73,1.73,1.8,2.93,1.93,0.0,14.58,9.24,5.28,360.19,599128473.0,5867783144.0,11010182479.0,12139510340.0,2675.0,857.0,71328740.44,0.83,138.22
2024-03-01,7.1,6.8,1412.0,0.19,-0.47,1969413.0,287134.0,41315.0,351134.0,253264.0,645713.0,932847.0,301801.0,213.0,71256.0,536242.0,266646.0,1426.0,8229.0,8426.0,18080.0,34616.0,15874.0,1.0,29704.0,13146.0,216524.0,53.36,38.07,22.68,22.43,23.49,42.39,25.43,23.59,60.21,51.17,92.77,78.27,84.47,72.36,45.96,34.67,9.37,28.19,19.68,37.58,32.9,34.68,32.82,25.33,13.34,8.01,5.65,4.3,5.66,2.8,0.83,2.21,2.79,7.44,2.22,9.4,3.37,5.43,7.13,2.04,1.75,2.25,3.36,4.86,1.42,10.03,7.28,2.79,190.67,87.04,110.4,102.8,108.1,7.9,175719.0,100203.0,8623.0,3223.0,3067.0,3.63,2.72,1.72,1.7,1.77,2.99,1.91,1.78,14.75,9.3,5.36,369.38,605349163.0,5969478261.0,11200866302.0,12309364664.0,5045.0,1592.0,132753036.8,0.16,132.52
2024-04-01,7.1,6.8,1412.0,0.37,0.31,1989725.0,288995.0,40583.0,353607.0,255369.0,649560.0,938554.0,306769.0,208.0,73178.0,542935.0,280878.0,1714.0,8845.0,8764.0,19323.0,37875.0,17688.0,1.0,30633.0,14039.0,223114.0,52.82,38.54,22.64,22.19,23.38,42.28,25.44,22.52,60.69,50.4,94.17,78.87,85.46,73.2,45.96,37.87,12.2,28.12,19.67,37.92,31.04,34.13,32.68,25.59,13.32,7.82,5.59,4.29,5.65,2.9,0.93,2.3,2.86,7.3,2.01,8.25,3.24,5.48,6.86,2.05,1.7,2.21,3.35,4.78,1.32,10.14,7.45,2.89,181.97,85.31,129.2,122.6,115.7,7.5,175839.0,100804.0,8213.0,3228.0,3077.0,3.6,2.75,1.72,1.68,1.77,2.98,1.91,1.71,14.79,9.02,5.27,391.02,640735818.0,6031586979.0,11237687186.0,12392841425.0,5778.0,1755.0,143254513.82,0.38,129.59
2024-05-01,7.1,6.8,1412.0,0.46,0.89,2001946.0,293808.0,40490.0,355311.0,257561.0,653362.0,947171.0,311555.0,197.0,72812.0,543834.0,285807.0,1725.0,8346.0,7905.0,17976.0,37479.0,16983.0,1.0,30106.0,13393.0,229010.0,52.39,38.79,22.6,21.73,23.17,41.71,25.54,24.57,60.63,49.1,95.2,79.53,86.23,73.15,46.0,31.7,9.17,27.87,19.85,38.13,30.28,33.94,32.47,25.57,13.3,7.78,5.65,4.15,5.56,2.89,0.85,2.25,2.73,7.24,2.04,8.15,3.08,5.53,6.87,2.17,1.72,2.29,3.36,4.8,1.08,10.76,7.63,2.87,185.86,84.62,130.6,149.2,117.4,7.1,175961.0,101331.0,7783.0,3244.0,3094.0,3.57,2.77,1.71,1.65,1.75,2.95,1.91,1.85,14.77,9.15,5.24,387.71,654643216.0,6108326634.0,11392363710.0,12562476052.0,3474.0,1048.0,84431286.95,0.46,126.46
2024-06-01,7.0,6.8,1412.0,0.25,0.81,2012327.0,295736.0,40228.0,357369.0,261025.0,658622.0,954358.0,317240.0,187.0,72461.0,542898.0,271676.0,1554.0,7927.0,8340.0,17821.0,36563.0,16826.0,0.0,28716.0,12621.0,215694.0,51.69,38.72,22.81,21.37,23.13,40.22,25.52,23.67,61.21,49.8,94.8,79.7,86.17,73.23,45.89,45.2,9.27,27.96,19.9,37.79,30.89,34.01,32.56,25.34,13.06,7.24,5.18,3.98,5.36,2.44,0.83,1.98,2.56,6.73,2.04,8.07,3.04,5.52,7.07,2.08,1.65,2.21,3.37,4.53,0.84,11.12,7.75,3.2,180.51,84.96,178.6,171.4,121.3,6.9,176081.0,101830.0,7541.0,,3113.0,3.53,2.76,1.73,1.63,1.75,2.86,1.91,1.79,14.9,8.98,5.26,409.07,668307209.0,6245919330.0,11510544722.0,12725398691.0,,,,0.21,127.05
2024-07-01,,,1412.0,,0.61,,,,,,,,,,,,,,,,,,,,,,,,,,,,,,,,,,,,,,,,,,,,,,,,,,,,,,,,,,,,,,,,,,,,,,,,,,,,,,,,,,,,,,,,,,,,,,,,,,,,,,
2024-08-01,,,1412.0,,,,,,,,,,,,,,,,,,,,,,,,,,,,,,,,,,,,,,,,,,,,,,,,,,,,,,,,,,,,,,,,,,,,,,,,,,,,,,,,,,,,,,,,,,,,,,,,,,,,,,,,
